ullid;date;time;LocalTime[us];EngineCycleId#;PrintCycleId#;ActionId$;Result$;PrintMode$;Images~;SquareDecimeter[dm2]#
00000000001143096261;2020-12-07;05:31:32;4365953845;272;1;origin=/ACM, seqNr={272};Success;4_pass;1,;3940
00000000001147944072;2020-12-07;06:44:35;8749068371;273;2;origin=/ACM, seqNr={273};Success;4_pass;1,;3985
00000000001153566743;2020-12-07;10:54:46;23759923172;274;3;origin=/ACM, seqNr={274};Success;4_pass;1,;3910
00000000001158645221;2020-12-07;12:20:18;28891917473;275;4;origin=/ACM, seqNr={275};Success;4_pass;1,;4135
00000000001163541891;2020-12-07;13:31:10;33143825183;276;5;origin=/ACM, seqNr={276};Success;4_pass;1,;4044
00000000001168540947;2020-12-07;14:48:17;37770612500;277;6;origin=/ACM, seqNr={277};Success;4_pass;1,;4091
00000000001178086152;2020-12-07;17:09:02;46215578330;278;10;origin=/ACM, seqNr={278};Cancelled;8_pass;1,;3578
00000000001179217826;2020-12-07;20:11:06;57139265886;279;11;origin=/ACM, seqNr={279};Cancelled;8_pass;1,;123
00000000001179271916;2020-12-07;20:17:12;57505178980;280;13;origin=/ACM, seqNr={280};Cancelled;8_pass;1,;0
00000000001180322318;2020-12-07;20:32:48;58441173808;281;14;origin=/ACM, seqNr={281};Success;8_pass;1,;374
00000000001183069800;2020-12-07;21:10:03;60676001471;282;15;origin=/ACM, seqNr={282};Cancelled;8_pass;1,;1029
00000000001186435788;2020-12-07;22:13:33;64486164989;283;17;origin=/ACM, seqNr={283};Success;8_pass;1,;1087
00000000001187727287;2020-12-07;22:32:55;65647578891;284;18;origin=/ACM, seqNr={284};Cancelled;8_pass;1,;444
00000000001187757060;2020-12-07;22:35:59;65831585104;285;19;origin=/ACM, seqNr={285};Cancelled;8_pass;1,;0
00000000001193188488;2020-12-07;23:51:35;70367914491;286;20;origin=/ACM, seqNr={286};Success;8_pass;1,;2019
00000000001197853079;2020-12-08;00:53:42;74094284215;287;21;origin=/ACM, seqNr={287};Success;8_pass;1,;1775
00000000001201761820;2020-12-08;01:54:09;77721962344;288;22;origin=/ACM, seqNr={288};Success;8_pass;1,;1434
00000000001206588922;2020-12-08;03:01:44;81776041582;289;23;origin=/ACM, seqNr={289};Success;6_pass_pinCure;1,2,3,;2015
00000000001207498841;2020-12-08;03:19:09;82820932538;290;24;origin=/ACM, seqNr={290};Success;4_pass;1,;699
00000000001208517240;2020-12-08;03:36:38;83870653471;291;25;origin=/ACM, seqNr={291};Success;4_pass;1,;799
00000000001213496461;2020-12-08;05:25:20;90391853654;292;26;origin=/ACM, seqNr={292};Success;4_pass;1,;3898
00000000001218342686;2020-12-08;06:43:13;95064963266;293;27;origin=/ACM, seqNr={293};Success;4_pass;1,;3960
00000000001218410230;2020-12-08;06:54:59;95771124867;294;28;origin=/ACM, seqNr={294};Failed;4_pass;1,;0
00000000001223357058;2020-12-08;08:06:54;100085612825;295;29;origin=/ACM, seqNr={295};Success;4_pass;1,;4023
00000000001223420791;2020-12-08;08:17:27;100718948997;296;30;origin=/ACM, seqNr={296};Failed;4_pass;1,;0
00000000001228320672;2020-12-08;09:32:06;105198184365;297;31;origin=/ACM, seqNr={297};Success;4_pass;1,;4016
00000000001228374811;2020-12-08;09:40:41;105712550717;298;32;origin=/ACM, seqNr={298};Failed;4_pass;1,;0
00000000001233772409;2020-12-08;10:52:01;109993219583;299;33;origin=/ACM, seqNr={299};Cancelled;4_pass;1,2,;4247
00000000001235995393;2020-12-08;11:28:08;112159715227;300;34;origin=/ACM, seqNr={300};Success;4_pass;1,;1757
00000000001236400772;2020-12-08;11:51:49;113581279086;301;35;origin=/ACM, seqNr={301};Success;8_pass;1,;107
00000000001241240825;2020-12-08;13:00:35;117706978972;302;36;origin=/ACM, seqNr={302};Success;4_pass;1,;3921
00000000001245998887;2020-12-08;14:08:34;121786084062;303;37;origin=/ACM, seqNr={303};Success;4_pass;1,;3880
00000000001251291997;2020-12-08;16:05:26;128797728279;304;38;origin=/ACM, seqNr={304};Success;4_pass;1,;4060
00000000001257175624;2020-12-08;21:05:33;146803701873;305;39;origin=/ACM, seqNr={305};Success;4_pass;1,;4002
00000000001262057433;2020-12-08;22:19:59;151270479229;306;40;origin=/ACM, seqNr={306};Success;4_pass;1,;3945
00000000001267135928;2020-12-08;23:32:42;155632984645;307;41;origin=/ACM, seqNr={307};Success;4_pass;1,;4097
00000000001271994038;2020-12-09;00:51:29;160360346490;308;42;origin=/ACM, seqNr={308};Success;4_pass;1,;3969
00000000001276911364;2020-12-09;02:04:25;164735773209;309;43;origin=/ACM, seqNr={309};Success;4_pass;1,;3887
00000000001281615135;2020-12-09;03:07:03;168494030355;310;44;origin=/ACM, seqNr={310};Success;4_pass;1,;3453
00000000001286908983;2020-12-09;04:11:03;172333372781;311;45;origin=/ACM, seqNr={311};Success;4_pass;1,;3585
00000000001291831521;2020-12-09;05:25:00;176770779051;312;46;origin=/ACM, seqNr={312};Success;4_pass;1,;3585
00000000001296773088;2020-12-09;06:41:08;181338603413;313;47;origin=/ACM, seqNr={313};Success;4_pass;1,;3316
00000000001301663182;2020-12-09;08:09:26;186636518567;314;48;origin=/ACM, seqNr={314};Success;4_pass;1,;3270
00000000001306493993;2020-12-09;09:20:14;190884779074;315;49;origin=/ACM, seqNr={315};Success;4_pass;1,;3337
00000000001310208320;2020-12-09;11:26:02;198432078056;316;50;origin=/ACM, seqNr={316};Success;4_pass;1,;2314
00000000001312122888;2020-12-09;12:39:07;202816878027;317;51;origin=/ACM, seqNr={317};Cancelled;4_pass;1,;1148
00000000001312816705;2020-12-09;12:59:31;204041454928;318;52;origin=/ACM, seqNr={318};Success;4_pass;1,;407
00000000001313160583;2020-12-09;13:04:28;204338013660;319;53;origin=/ACM, seqNr={319};Success;4_pass;1,;213
00000000001313877680;2020-12-09;13:29:58;205867775030;320;54;origin=/ACM, seqNr={320};Success;6_pass_pinCure;1,;201
00000000001319110049;2020-12-09;14:56:24;211054102467;321;57;origin=/ACM, seqNr={321};Success;4_pass;1,;3246
00000000001323951655;2020-12-09;16:03:47;215097043725;322;58;origin=/ACM, seqNr={322};Success;4_pass;1,;3333
00000000001328738753;2020-12-09;17:07:58;218947724350;323;59;origin=/ACM, seqNr={323};Success;4_pass;1,;3333
00000000001333260427;2020-12-09;18:09:21;222630346788;324;60;origin=/ACM, seqNr={324};Success;4_pass;1,;3158
00000000001339182027;2020-12-09;21:49:26;235835227431;325;61;origin=/ACM, seqNr={325};Cancelled;4_pass;1,2,;3485
00000000001344108360;2020-12-09;23:08:27;240576463162;326;62;origin=/ACM, seqNr={326};Success;4_pass;1,2,;3241
00000000001348412773;2020-12-10;00:10:54;244323466470;327;63;origin=/ACM, seqNr={327};Success;8_pass;1,;1591
00000000001351666860;2020-12-10;00:52:51;246840271577;328;64;origin=/ACM, seqNr={328};Success;8_pass;1,;1207
00000000001353485201;2020-12-10;01:18:21;248370172941;329;65;origin=/ACM, seqNr={329};Success;8_pass;1,;641
00000000001358885097;2020-12-10;02:31:51;252779785817;330;66;origin=/ACM, seqNr={330};Success;8_pass;1,;1975
00000000001361462032;2020-12-10;03:06:03;254831740376;331;67;origin=/ACM, seqNr={331};Cancelled;8_pass;1,;955
00000000001368129218;2020-12-10;04:43:54;260702561331;332;69;origin=/ACM, seqNr={332};Success;8_pass;1,;2402
00000000001369428418;2020-12-10;05:01:56;261784865384;333;70;origin=/ACM, seqNr={333};Success;8_pass;1,;470
00000000001377569645;2020-12-10;06:44:21;267930039558;334;71;origin=/ACM, seqNr={334};Success;6_pass_pinCure;1,2,;3342
00000000001377881311;2020-12-10;07:01:42;268971223894;335;72;origin=/ACM, seqNr={335};Success;8_pass;1,;63
00000000001382717764;2020-12-10;08:09:51;273059748109;336;73;origin=/ACM, seqNr={336};Success;4_pass;1,;3312
00000000001387563056;2020-12-10;09:12:56;276844697962;337;74;origin=/ACM, seqNr={337};Success;4_pass;1,;3333
00000000001392690380;2020-12-10;10:43:00;282248373703;338;75;origin=/ACM, seqNr={338};Success;4_pass;1,;3311
00000000001397485494;2020-12-10;11:56:55;286683362706;339;76;origin=/ACM, seqNr={339};Success;4_pass;1,;3294
00000000001402235371;2020-12-10;13:05:03;290771802741;340;77;origin=/ACM, seqNr={340};Success;4_pass;1,;3294
00000000001407056146;2020-12-10;14:13:17;294865262700;341;78;origin=/ACM, seqNr={341};Success;4_pass;1,;3348
00000000001412159066;2020-12-10;15:36:52;299880670139;342;79;origin=/ACM, seqNr={342};Success;4_pass;1,;3403
00000000001417050710;2020-12-10;16:56:20;304647949779;343;80;origin=/ACM, seqNr={343};Success;4_pass;1,;3340
00000000001422193400;2020-12-10;18:06:19;308847546423;344;81;origin=/ACM, seqNr={344};Success;4_pass;1,2,;3586
00000000001428056011;2020-12-10;21:09:53;319860627348;345;82;origin=/ACM, seqNr={345};Success;4_pass;1,;3301
00000000001432849039;2020-12-10;22:13:29;323677344393;346;83;origin=/ACM, seqNr={346};Success;4_pass;1,;3267
00000000001437677468;2020-12-10;23:16:24;327451863102;347;84;origin=/ACM, seqNr={347};Success;4_pass;1,;3280
00000000001442708093;2020-12-11;00:27:27;331714934153;348;87;origin=/ACM, seqNr={348};Success;4_pass;1,;4000
00000000001447597867;2020-12-11;01:38:24;335971689321;349;88;origin=/ACM, seqNr={349};Success;4_pass;1,;3992
00000000001447641716;2020-12-11;01:43:51;336298424103;350;89;origin=/ACM, seqNr={350};Failed;4_pass;1,;0
00000000001458416050;2020-12-11;04:00:33;344500671742;351;91;origin=/ACM, seqNr={351};Success;4_pass;1,;8349
00000000001468657018;2020-12-11;06:20:41;352908798301;352;92;origin=/ACM, seqNr={352};Success;4_pass;1,;8384
00000000001475336738;2020-12-11;08:03:20;359067776460;353;93;origin=/ACM, seqNr={353};Success;4_pass;1,;5436
00000000001479510976;2020-12-11;09:03:21;362668490277;354;94;origin=/ACM, seqNr={354};Success;6_pass_pinCure;1,;1746
00000000001484032793;2020-12-11;11:12:29;370415780807;355;95;origin=/ACM, seqNr={355};Cancelled;4_pass;1,;3286
00000000001488942816;2020-12-11;12:24:41;374747822092;356;96;origin=/ACM, seqNr={356};Success;4_pass;1,;3897
00000000001493946106;2020-12-11;13:43:04;379450732431;357;97;origin=/ACM, seqNr={357};Success;4_pass;1,;3944
00000000001498785461;2020-12-11;14:58:36;383983045480;358;98;origin=/ACM, seqNr={358};Success;4_pass;1,;3837
00000000001499329430;2020-12-11;15:39:49;386455788137;359;100;origin=/ACM, seqNr={359};Success;4_pass;1,;212
00000000001500130405;2020-12-11;15:52:20;387206622794;360;101;origin=/ACM, seqNr={360};Success;4_pass;1,;528
00000000001505036512;2020-12-11;17:11:33;391959901609;361;102;origin=/ACM, seqNr={361};Success;4_pass;1,;3975
00000000001506420753;2020-12-11;20:30:55;403921031276;362;103;origin=/ACM, seqNr={362};Success;8_pass;1,;189
00000000001510155809;2020-12-11;21:20:21;406887800055;363;104;origin=/ACM, seqNr={363};Success;8_pass;1,;1303
00000000001515585354;2020-12-11;22:49:16;412222559804;364;105;origin=/ACM, seqNr={364};Success;6_pass_pinCure;1,;1863
00000000001520950458;2020-12-12;00:49:44;419449938071;365;107;origin=/ACM, seqNr={365};Success;4_pass;1,;3970
