ullid;date;time;LocalTime[us];MediaPrepareId#;Purpose$;EngineCycleId#;Category$;MediaTypeDisplayName$;MediaId$;NominalWidth[0.1mm]#;Measured#;SideEdgeLeft[0.1mm]#;SideEdgeRight[0.1mm]#;WaitingForCleancut#;ManualCut#;ManualLoading#;MediaThickness[um]#;AutomaticMediaJogging#;AdvanceCorrection#;MoistProtection#;PreCurePower#;PostCurePower#;BufferHeaterSetpoint[0.1C]#;CarriageHeightIndex#;ControlPaperStepCorrection#;ControlPaperStepPatternType$;FanFrictionCorrectionTable~;FanFrictionXCoordTable~;PaperStepCorrectionFactor#;PrinterPlatenTemperature[C]#;VacuumSurfaceSettings[0.1%]~;PrintStrategy#;RobustBacklit#;MediaMinimalSwathDuration[ms]#;WindingType$;RollPosition#;PrepareFromDrawer#;InsideRoll#;SmartInkLimit#
00000000001995781752;2020-12-21;03:58:00;505809523;-1;MediaTransport;-1;Paper;Matt Paper;265c5c4e-969d-446d-9f6b-101c95ef4564;13700;0;-1;-1;0;0;0;190;0;0.000000;0;0;0;320;0;-9;Wide;1,;0,;1.000000;24.000000;511,562,582,350,363,;0;0;0;Unlocked;0;1;0;1
00000000001995804004;2020-12-21;04:01:37;723064285;-1;Print;523;Paper;Matt Paper;265c5c4e-969d-446d-9f6b-101c95ef4564;13700;1;6856;6863;0;0;0;190;0;0.000000;0;0;0;320;0;0;Wide;1,;0,;1.000000;24.000000;511,562,582,350,363,;1;0;0;Unlocked;0;0;0;1
00000000001995804029;2020-12-21;04:01:37;723064567;-1;Print;523;Paper;Matt Paper;265c5c4e-969d-446d-9f6b-101c95ef4564;13700;1;6856;6863;0;0;0;190;0;0.000000;0;0;0;320;0;0;Wide;1,;0,;1.000000;24.000000;511,562,582,350,363,;1;0;0;Unlocked;0;0;0;1
00000000002003199195;2020-12-21;05:03:42;4448420014;-1;MediaTransport;-1;Paper;Matt Paper;265c5c4e-969d-446d-9f6b-101c95ef4564;13700;1;6856;6863;0;0;0;190;0;0.000000;0;0;0;320;0;-83;Wide;1,;0,;1.000000;24.000000;511,562,582,350,363,;0;0;0;Unlocked;0;0;0;1
00000000002003199222;2020-12-21;05:03:42;4448420279;-1;MediaTransport;-1;Paper;Matt Paper;265c5c4e-969d-446d-9f6b-101c95ef4564;13700;1;6856;6863;0;0;0;190;0;0.000000;0;0;0;320;0;-83;Wide;1,;0,;1.000000;24.000000;511,562,582,350,363,;0;0;0;Unlocked;0;0;0;1
00000000002003286335;2020-12-21;05:20:24;5449876093;-1;MediaTransport;-1;Canvas;EPS Canvas;6c8495a2-6aff-43a6-a5d5-fe63869e7cd0;15200;0;-1;-1;0;0;0;330;0;0.000000;0;0;0;320;1;-83;Wide;1,;0,;1.000000;24.000000;654,521,472,218,220,;0;0;0;Unlocked;0;1;0;1
00000000002003378787;2020-12-21;05:40:30;6656259221;-1;MediaTransport;-1;Canvas;EPS Canvas;6c8495a2-6aff-43a6-a5d5-fe63869e7cd0;15200;1;7675;7596;0;0;0;330;0;0.000000;0;0;0;320;1;0;Wide;1,;0,;1.000000;24.000000;654,521,472,218,220,;0;0;0;Unlocked;0;0;0;1
00000000002003378814;2020-12-21;05:40:30;6656259485;-1;MediaTransport;-1;Canvas;EPS Canvas;6c8495a2-6aff-43a6-a5d5-fe63869e7cd0;15200;1;7675;7596;0;0;0;330;0;0.000000;0;0;0;320;1;0;Wide;1,;0,;1.000000;24.000000;654,521,472,218,220,;0;0;0;Unlocked;0;0;0;1
00000000002003450209;2020-12-21;05:54:25;7490886897;-1;MediaTransport;-1;Canvas;EPS Canvas;6c8495a2-6aff-43a6-a5d5-fe63869e7cd0;15200;0;-1;-1;0;0;0;330;0;0.000000;0;0;0;320;1;0;Wide;1,;0,;1.000000;24.000000;654,521,472,218,220,;0;0;0;Unlocked;0;1;0;1
00000000002003547252;2020-12-21;06:13:42;8647660598;-1;Print;524;Canvas;EPS Canvas;6c8495a2-6aff-43a6-a5d5-fe63869e7cd0;15200;1;7683;7589;0;0;0;330;0;0.000000;0;0;0;320;1;0;Wide;1,;0,;1.000000;24.000000;654,521,472,218,220,;1;0;0;Unlocked;0;0;0;1
00000000002003547277;2020-12-21;06:13:42;8647660852;-1;Print;524;Canvas;EPS Canvas;6c8495a2-6aff-43a6-a5d5-fe63869e7cd0;15200;1;7683;7589;0;0;0;330;0;0.000000;0;0;0;320;1;0;Wide;1,;0,;1.000000;24.000000;654,521,472,218,220,;1;0;0;Unlocked;0;0;0;1
00000000002008677199;2020-12-21;07:21:59;12745170501;-1;MediaTransport;-1;Canvas;EPS Canvas;6c8495a2-6aff-43a6-a5d5-fe63869e7cd0;15200;1;7683;7589;0;0;0;330;0;0.000000;0;0;0;320;1;-51;Wide;1,;0,;1.000000;24.000000;654,521,472,218,220,;0;0;0;Unlocked;0;0;0;1
00000000002008677226;2020-12-21;07:21:59;12745170804;-1;MediaTransport;-1;Canvas;EPS Canvas;6c8495a2-6aff-43a6-a5d5-fe63869e7cd0;15200;1;7683;7589;0;0;0;330;0;0.000000;0;0;0;320;1;-51;Wide;1,;0,;1.000000;24.000000;654,521,472,218,220,;0;0;0;Unlocked;0;0;0;1
00000000002008842446;2020-12-21;07:56:49;14835129993;-1;Print;525;Paper;Matt Paper;265c5c4e-969d-446d-9f6b-101c95ef4564;13700;0;-1;-1;0;0;0;190;0;0.000000;0;0;0;320;0;-51;Wide;1,;0,;1.000000;24.000000;511,562,582,350,363,;1;0;0;Unlocked;0;1;0;1
00000000002014766869;2020-12-21;09:29:14;20379884501;-1;MediaTransport;-1;Paper;Matt Paper;265c5c4e-969d-446d-9f6b-101c95ef4564;13700;1;6846;6871;0;0;0;190;0;0.000000;0;0;0;320;0;-75;Wide;1,;0,;1.000000;24.000000;511,562,582,350,363,;0;0;0;Unlocked;0;0;0;1
00000000002014766896;2020-12-21;09:29:14;20379884772;-1;MediaTransport;-1;Paper;Matt Paper;265c5c4e-969d-446d-9f6b-101c95ef4564;13700;1;6846;6871;0;0;0;190;0;0.000000;0;0;0;320;0;-75;Wide;1,;0,;1.000000;24.000000;511,562,582,350,363,;0;0;0;Unlocked;0;0;0;1
00000000002014850165;2020-12-21;09:47:01;21446369559;-1;Print;526;Canvas;EPS Canvas;6c8495a2-6aff-43a6-a5d5-fe63869e7cd0;15200;0;-1;-1;0;0;0;330;0;0.000000;0;0;0;320;1;-75;Wide;1,;0,;1.000000;24.000000;654,521,472,218,220,;1;0;0;Unlocked;0;1;0;1
00000000002019806663;2020-12-21;10:53:55;25460624767;-1;MediaTransport;-1;Canvas;EPS Canvas;6c8495a2-6aff-43a6-a5d5-fe63869e7cd0;15200;1;7634;7640;0;0;0;330;0;0.000000;0;0;0;320;1;-62;Wide;1,;0,;1.000000;24.000000;654,521,472,218,220,;0;0;0;Unlocked;0;0;0;1
00000000002019806690;2020-12-21;10:53:55;25460625042;-1;MediaTransport;-1;Canvas;EPS Canvas;6c8495a2-6aff-43a6-a5d5-fe63869e7cd0;15200;1;7634;7640;0;0;0;330;0;0.000000;0;0;0;320;1;-62;Wide;1,;0,;1.000000;24.000000;654,521,472,218,220,;0;0;0;Unlocked;0;0;0;1
00000000002019927418;2020-12-21;11:18:15;26920861349;-1;Print;527;Canvas;EPS Canvas;6c8495a2-6aff-43a6-a5d5-fe63869e7cd0;15200;0;-1;-1;0;0;0;330;0;0.000000;0;0;0;320;1;-62;Wide;1,;0,;1.000000;24.000000;654,521,472,218,220,;1;0;0;Unlocked;0;1;0;1
00000000002019948404;2020-12-21;11:21:12;27097728850;-1;Print;528;Canvas;EPS Canvas;6c8495a2-6aff-43a6-a5d5-fe63869e7cd0;15200;0;-1;-1;0;0;0;330;0;0.000000;0;0;0;320;1;-62;Wide;1,;0,;1.000000;24.000000;654,521,472,218,220,;1;0;0;Unlocked;0;1;0;1
00000000002024969659;2020-12-21;12:35:13;31538210377;-1;MediaTransport;-1;Canvas;EPS Canvas;6c8495a2-6aff-43a6-a5d5-fe63869e7cd0;15200;1;7644;7621;0;0;0;330;0;0.000000;0;0;0;320;1;-56;Wide;1,;0,;1.000000;24.000000;654,521,472,218,220,;0;0;0;Unlocked;0;0;0;1
00000000002024969686;2020-12-21;12:35:13;31538210667;-1;MediaTransport;-1;Canvas;EPS Canvas;6c8495a2-6aff-43a6-a5d5-fe63869e7cd0;15200;1;7644;7621;0;0;0;330;0;0.000000;0;0;0;320;1;-56;Wide;1,;0,;1.000000;24.000000;654,521,472,218,220,;0;0;0;Unlocked;0;0;0;1
00000000002025153558;2020-12-21;13:14:47;33911924042;-1;Print;529;Canvas;EPS Canvas;6c8495a2-6aff-43a6-a5d5-fe63869e7cd0;15200;0;-1;-1;0;0;0;330;0;0.000000;0;0;0;320;1;-56;Wide;1,;0,;1.000000;24.000000;654,521,472,218,220,;1;0;0;Unlocked;0;1;0;1
00000000002025172828;2020-12-21;13:16:42;34027660219;-1;Print;530;Canvas;EPS Canvas;6c8495a2-6aff-43a6-a5d5-fe63869e7cd0;15200;0;-1;-1;0;0;0;330;0;0.000000;0;0;0;320;1;0;Wide;1,;0,;1.000000;24.000000;654,521,472,218,220,;1;0;0;Unlocked;0;1;0;1
00000000002028060745;2020-12-21;13:58:34;36538919300;-1;Print;531;Canvas;EPS Canvas;6c8495a2-6aff-43a6-a5d5-fe63869e7cd0;15200;1;7620;7646;0;0;0;330;0;0.000000;0;0;0;320;1;-67;Wide;1,;0,;1.000000;24.000000;654,521,472,218,220,;1;0;0;Unlocked;0;0;0;1
00000000002028060770;2020-12-21;13:58:34;36538919564;-1;Print;531;Canvas;EPS Canvas;6c8495a2-6aff-43a6-a5d5-fe63869e7cd0;15200;1;7620;7646;0;0;0;330;0;0.000000;0;0;0;320;1;-67;Wide;1,;0,;1.000000;24.000000;654,521,472,218,220,;1;0;0;Unlocked;0;0;0;1
00000000002028775306;2020-12-21;14:16:15;37600195249;-1;MediaTransport;-1;Canvas;EPS Canvas;6c8495a2-6aff-43a6-a5d5-fe63869e7cd0;15200;1;7620;7646;0;0;0;330;0;0.000000;0;0;0;320;1;-73;Wide;1,;0,;1.000000;24.000000;654,521,472,218,220,;0;0;0;Unlocked;0;0;0;1
00000000002028775333;2020-12-21;14:16:15;37600195532;-1;MediaTransport;-1;Canvas;EPS Canvas;6c8495a2-6aff-43a6-a5d5-fe63869e7cd0;15200;1;7620;7646;0;0;0;330;0;0.000000;0;0;0;320;1;-73;Wide;1,;0,;1.000000;24.000000;654,521,472,218,220,;0;0;0;Unlocked;0;0;0;1
00000000002028949583;2020-12-21;14:54:14;39879012966;-1;Print;532;Canvas;EPS Canvas;6c8495a2-6aff-43a6-a5d5-fe63869e7cd0;15200;1;7620;7646;0;0;0;330;0;0.000000;0;0;0;320;1;-73;Wide;1,;0,;1.000000;24.000000;654,521,472,218,220,;1;0;0;Unlocked;0;1;0;1
00000000002030597054;2020-12-21;15:53:33;43437689038;-1;Print;533;Canvas;EPS Canvas;6c8495a2-6aff-43a6-a5d5-fe63869e7cd0;15200;0;-1;-1;0;0;0;330;0;0.000000;0;0;0;320;1;-54;Wide;1,;0,;1.000000;24.000000;654,521,472,218,220,;1;0;0;Unlocked;0;1;0;1
00000000002030939220;2020-12-21;16:05:49;44173773834;-1;MediaTransport;-1;Canvas;EPS Canvas;6c8495a2-6aff-43a6-a5d5-fe63869e7cd0;15200;1;7648;7617;0;0;0;330;0;0.000000;0;0;0;320;1;-107;Wide;1,;0,;1.000000;24.000000;654,521,472,218,220,;0;0;0;Unlocked;0;0;0;1
00000000002030939247;2020-12-21;16:05:49;44173774081;-1;MediaTransport;-1;Canvas;EPS Canvas;6c8495a2-6aff-43a6-a5d5-fe63869e7cd0;15200;1;7648;7617;0;0;0;330;0;0.000000;0;0;0;320;1;-107;Wide;1,;0,;1.000000;24.000000;654,521,472,218,220,;0;0;0;Unlocked;0;0;0;1
00000000002031222625;2020-12-21;17:07:42;47887173023;-1;Print;534;Canvas;EPS Canvas;6c8495a2-6aff-43a6-a5d5-fe63869e7cd0;15200;1;7648;7617;0;0;0;330;0;0.000000;0;0;0;320;1;-107;Wide;1,;0,;1.000000;24.000000;654,521,472,218,220,;1;0;0;Unlocked;0;1;0;1
00000000002035192043;2020-12-21;20:32:28;60172788892;-1;MediaTransport;-1;Canvas;EPS Canvas;6c8495a2-6aff-43a6-a5d5-fe63869e7cd0;15200;1;7648;7617;0;0;0;330;0;0.000000;0;0;0;320;1;-77;Wide;1,;0,;1.000000;24.000000;654,521,472,218,220,;0;0;0;Unlocked;0;0;0;1
00000000002035192088;2020-12-21;20:32:28;60172789347;-1;MediaTransport;-1;Canvas;EPS Canvas;6c8495a2-6aff-43a6-a5d5-fe63869e7cd0;15200;1;7648;7617;0;0;0;330;0;0.000000;0;0;0;320;1;-77;Wide;1,;0,;1.000000;24.000000;654,521,472,218,220,;0;0;0;Unlocked;0;0;0;1
00000000002035243031;2020-12-21;20:41:08;60692990908;-1;MediaTransport;-1;Canvas;EPS Canvas;6c8495a2-6aff-43a6-a5d5-fe63869e7cd0;15200;0;-1;-1;0;0;0;330;0;0.000000;0;0;0;320;1;-77;Wide;1,;0,;1.000000;24.000000;654,521,472,218,220,;0;0;0;Unlocked;0;1;0;1
00000000002035299692;2020-12-21;20:52:45;61390210632;-1;Print;535;Canvas;EPS Canvas;6c8495a2-6aff-43a6-a5d5-fe63869e7cd0;15200;1;7680;7596;0;0;0;330;0;0.000000;0;0;0;320;1;0;Wide;1,;0,;1.000000;24.000000;654,521,472,218,220,;1;0;0;Unlocked;0;0;0;1
00000000002035299717;2020-12-21;20:52:45;61390210876;-1;Print;535;Canvas;EPS Canvas;6c8495a2-6aff-43a6-a5d5-fe63869e7cd0;15200;1;7680;7596;0;0;0;330;0;0.000000;0;0;0;320;1;0;Wide;1,;0,;1.000000;24.000000;654,521,472,218,220,;1;0;0;Unlocked;0;0;0;1
00000000002040337420;2020-12-21;22:02:28;65572534901;-1;MediaTransport;-1;Canvas;EPS Canvas;6c8495a2-6aff-43a6-a5d5-fe63869e7cd0;15200;1;7680;7596;0;0;0;330;0;0.000000;0;0;0;320;1;-61;Wide;1,;0,;1.000000;24.000000;654,521,472,218,220,;0;0;0;Unlocked;0;0;0;1
00000000002040337447;2020-12-21;22:02:28;65572535163;-1;MediaTransport;-1;Canvas;EPS Canvas;6c8495a2-6aff-43a6-a5d5-fe63869e7cd0;15200;1;7680;7596;0;0;0;330;0;0.000000;0;0;0;320;1;-61;Wide;1,;0,;1.000000;24.000000;654,521,472,218,220,;0;0;0;Unlocked;0;0;0;1
00000000002040477291;2020-12-21;22:32:03;67347233325;-1;MediaTransport;-1;Canvas;EPS Canvas;6c8495a2-6aff-43a6-a5d5-fe63869e7cd0;15200;0;-1;-1;0;0;0;330;0;0.000000;0;0;0;320;1;-61;Wide;1,;0,;1.000000;24.000000;654,521,472,218,220,;0;0;0;Unlocked;0;1;0;1
00000000002040519159;2020-12-21;22:39:55;67820086031;-1;Print;536;Canvas;EPS Canvas;6c8495a2-6aff-43a6-a5d5-fe63869e7cd0;15200;1;7665;7608;0;0;0;330;0;0.000000;0;0;0;320;1;0;Wide;1,;0,;1.000000;24.000000;654,521,472,218,220,;1;0;0;Unlocked;0;0;0;1
00000000002040519184;2020-12-21;22:39:55;67820086307;-1;Print;536;Canvas;EPS Canvas;6c8495a2-6aff-43a6-a5d5-fe63869e7cd0;15200;1;7665;7608;0;0;0;330;0;0.000000;0;0;0;320;1;0;Wide;1,;0,;1.000000;24.000000;654,521,472,218,220,;1;0;0;Unlocked;0;0;0;1
00000000002043198131;2020-12-21;23:22:14;70358249927;-1;MediaTransport;-1;Canvas;EPS Canvas;6c8495a2-6aff-43a6-a5d5-fe63869e7cd0;15200;0;-1;-1;0;0;0;330;0;0.000000;0;0;0;320;1;-78;Wide;1,;0,;1.000000;24.000000;654,521,472,218,220,;0;0;0;Unlocked;0;1;0;1
00000000002043232190;2020-12-21;23:27:16;70660496585;-1;Print;537;Canvas;EPS Canvas;6c8495a2-6aff-43a6-a5d5-fe63869e7cd0;15200;1;7657;7612;0;0;0;330;0;0.000000;0;0;0;320;1;0;Wide;1,;0,;1.000000;24.000000;654,521,472,218,220,;1;0;0;Unlocked;0;0;0;1
00000000002043232215;2020-12-21;23:27:16;70660496835;-1;Print;537;Canvas;EPS Canvas;6c8495a2-6aff-43a6-a5d5-fe63869e7cd0;15200;1;7657;7612;0;0;0;330;0;0.000000;0;0;0;320;1;0;Wide;1,;0,;1.000000;24.000000;654,521,472,218,220,;1;0;0;Unlocked;0;0;0;1
00000000002046037705;2020-12-22;01:07:41;76685168179;-1;MediaTransport;-1;Heavy paper > 200gsm;ESP SATIN 170gsm;b51f7a5e-5566-42d9-872e-4604155aa9be;13000;0;-1;-1;0;0;0;210;0;0.000000;0;0;0;320;1;-82;Wide;1,;0,;1.000000;24.000000;619,710,771,615,659,;0;0;0;None;0;1;0;1
00000000002046048149;2020-12-22;01:08:47;76751753724;-1;MediaTransport;-1;Heavy paper > 200gsm;ESP SATIN 170gsm;b51f7a5e-5566-42d9-872e-4604155aa9be;13000;1;6552;6458;0;0;0;210;0;0.000000;0;0;0;320;1;0;Wide;1,;0,;1.000000;24.000000;619,710,771,615,659,;0;0;0;None;0;0;0;1
00000000002046048176;2020-12-22;01:08:47;76751754019;-1;MediaTransport;-1;Heavy paper > 200gsm;ESP SATIN 170gsm;b51f7a5e-5566-42d9-872e-4604155aa9be;13000;1;6552;6458;0;0;0;210;0;0.000000;0;0;0;320;1;0;Wide;1,;0,;1.000000;24.000000;619,710,771,615,659,;0;0;0;None;0;0;0;1
00000000002046052162;2020-12-22;01:09:18;76782378765;-1;MediaTransport;-1;Heavy paper > 200gsm;ESP SATIN 170gsm;b51f7a5e-5566-42d9-872e-4604155aa9be;13000;1;6552;6458;0;0;0;210;0;0.000000;0;0;0;320;1;0;Wide;1,;0,;1.000000;24.000000;619,710,771,615,659,;0;0;0;Unlocked;0;1;0;1
00000000002046072290;2020-12-22;01:12:41;76985054905;-1;Print;538;Heavy paper > 200gsm;ESP SATIN 170gsm;b51f7a5e-5566-42d9-872e-4604155aa9be;13000;1;6554;6456;0;0;0;210;0;0.000000;0;0;0;320;1;0;Wide;1,;0,;1.000000;24.000000;619,710,771,615,659,;1;0;0;Unlocked;0;0;0;1
00000000002046072315;2020-12-22;01:12:41;76985055175;-1;Print;538;Heavy paper > 200gsm;ESP SATIN 170gsm;b51f7a5e-5566-42d9-872e-4604155aa9be;13000;1;6554;6456;0;0;0;210;0;0.000000;0;0;0;320;1;0;Wide;1,;0,;1.000000;24.000000;619,710,771,615,659,;1;0;0;Unlocked;0;0;0;1
00000000002047642054;2020-12-22;01:33:11;78215859321;-1;MediaTransport;-1;Heavy paper > 200gsm;ESP SATIN 170gsm;b51f7a5e-5566-42d9-872e-4604155aa9be;13000;1;6554;6456;0;0;0;210;0;0.000000;0;0;0;320;1;-38;Wide;1,;0,;1.000000;24.000000;619,710,771,615,659,;0;0;0;Unlocked;0;0;0;1
00000000002047642081;2020-12-22;01:33:11;78215859622;-1;MediaTransport;-1;Heavy paper > 200gsm;ESP SATIN 170gsm;b51f7a5e-5566-42d9-872e-4604155aa9be;13000;1;6554;6456;0;0;0;210;0;0.000000;0;0;0;320;1;-38;Wide;1,;0,;1.000000;24.000000;619,710,771,615,659,;0;0;0;Unlocked;0;0;0;1
00000000002048190111;2020-12-22;03:30:25;85249215042;-1;Print;539;Heavy paper > 200gsm;ESP SATIN 170gsm;b51f7a5e-5566-42d9-872e-4604155aa9be;13000;1;6554;6456;0;0;0;210;0;0.000000;0;0;0;320;1;-38;Wide;1,;0,;1.000000;24.000000;619,710,771,615,659,;1;0;0;Unlocked;0;1;0;1
00000000002051468757;2020-12-22;04:16:49;88033380792;-1;MediaTransport;-1;Heavy paper > 200gsm;ESP SATIN 170gsm;b51f7a5e-5566-42d9-872e-4604155aa9be;13000;1;6557;6453;0;0;0;210;0;0.000000;0;0;0;320;1;37;Wide;1,;0,;1.000000;24.000000;619,710,771,615,659,;0;0;0;Unlocked;0;0;0;1
00000000002051468784;2020-12-22;04:16:49;88033381076;-1;MediaTransport;-1;Heavy paper > 200gsm;ESP SATIN 170gsm;b51f7a5e-5566-42d9-872e-4604155aa9be;13000;1;6557;6453;0;0;0;210;0;0.000000;0;0;0;320;1;37;Wide;1,;0,;1.000000;24.000000;619,710,771,615,659,;0;0;0;Unlocked;0;0;0;1
00000000002051559758;2020-12-22;04:35:22;89146226008;-1;Print;540;Heavy paper > 200gsm;ESP SATIN 170gsm;b51f7a5e-5566-42d9-872e-4604155aa9be;13000;1;6557;6453;0;0;0;210;0;0.000000;0;0;0;320;1;37;Wide;1,;0,;1.000000;24.000000;619,710,771,615,659,;1;0;0;Unlocked;0;1;0;1
00000000002052517546;2020-12-22;04:49:56;90019855800;-1;Print;541;Heavy paper > 200gsm;ESP SATIN 170gsm;b51f7a5e-5566-42d9-872e-4604155aa9be;13000;1;6558;6452;0;0;0;210;0;0.000000;0;0;0;320;1;62;Wide;1,;0,;1.000000;24.000000;619,710,771,615,659,;1;0;0;Unlocked;0;0;0;1
00000000002052517572;2020-12-22;04:49:56;90019856054;-1;Print;541;Heavy paper > 200gsm;ESP SATIN 170gsm;b51f7a5e-5566-42d9-872e-4604155aa9be;13000;1;6558;6452;0;0;0;210;0;0.000000;0;0;0;320;1;62;Wide;1,;0,;1.000000;24.000000;619,710,771,615,659,;1;0;0;Unlocked;0;0;0;1
00000000002053303525;2020-12-22;05:52:19;93763430737;-1;Print;542;Heavy paper > 200gsm;ESP SATIN 170gsm;b51f7a5e-5566-42d9-872e-4604155aa9be;13000;1;6558;6452;0;0;0;210;0;0.000000;0;0;0;320;1;39;Wide;1,;0,;1.000000;24.000000;619,710,771,615,659,;1;0;0;Unlocked;0;0;0;1
00000000002053303564;2020-12-22;05:52:19;93763430992;-1;Print;542;Heavy paper > 200gsm;ESP SATIN 170gsm;b51f7a5e-5566-42d9-872e-4604155aa9be;13000;1;6558;6452;0;0;0;210;0;0.000000;0;0;0;320;1;39;Wide;1,;0,;1.000000;24.000000;619,710,771,615,659,;1;0;0;Unlocked;0;0;0;1
00000000002055974117;2020-12-22;06:30:47;96070608336;-1;Print;543;Heavy paper > 200gsm;ESP SATIN 170gsm;b51f7a5e-5566-42d9-872e-4604155aa9be;13000;1;6558;6452;0;0;0;210;0;0.000000;0;0;0;320;1;31;Wide;1,;0,;1.000000;24.000000;619,710,771,615,659,;1;0;0;Unlocked;0;0;0;1
00000000002055974142;2020-12-22;06:30:47;96070608585;-1;Print;543;Heavy paper > 200gsm;ESP SATIN 170gsm;b51f7a5e-5566-42d9-872e-4604155aa9be;13000;1;6558;6452;0;0;0;210;0;0.000000;0;0;0;320;1;31;Wide;1,;0,;1.000000;24.000000;619,710,771,615,659,;1;0;0;Unlocked;0;0;0;1
00000000002058456844;2020-12-22;07:04:07;98071074184;-1;MediaTransport;-1;Heavy paper > 200gsm;ESP SATIN 170gsm;b51f7a5e-5566-42d9-872e-4604155aa9be;13000;1;6558;6452;0;0;0;210;0;0.000000;0;0;0;320;1;26;Wide;1,;0,;1.000000;24.000000;619,710,771,615,659,;0;0;0;Unlocked;0;0;0;1
00000000002058456871;2020-12-22;07:04:07;98071074452;-1;MediaTransport;-1;Heavy paper > 200gsm;ESP SATIN 170gsm;b51f7a5e-5566-42d9-872e-4604155aa9be;13000;1;6558;6452;0;0;0;210;0;0.000000;0;0;0;320;1;26;Wide;1,;0,;1.000000;24.000000;619,710,771,615,659,;0;0;0;Unlocked;0;0;0;1
00000000002058647449;2020-12-22;07:45:19;100542894929;-1;MediaTransport;-1;Paper;Matt Paper;265c5c4e-969d-446d-9f6b-101c95ef4564;15200;0;-1;-1;0;0;0;190;0;0.000000;0;0;0;320;0;26;Wide;1,;0,;1.000000;24.000000;503,521,525,318,321,;0;0;0;Unlocked;0;1;0;1
00000000002058661502;2020-12-22;07:46:53;100637032268;-1;Print;544;Paper;Matt Paper;265c5c4e-969d-446d-9f6b-101c95ef4564;15200;1;7646;7625;0;0;0;190;0;0.000000;0;0;0;320;0;0;Wide;1,;0,;1.000000;24.000000;503,521,525,318,321,;1;0;0;Unlocked;0;0;0;1
00000000002058661527;2020-12-22;07:46:53;100637032543;-1;Print;544;Paper;Matt Paper;265c5c4e-969d-446d-9f6b-101c95ef4564;15200;1;7646;7625;0;0;0;190;0;0.000000;0;0;0;320;0;0;Wide;1,;0,;1.000000;24.000000;503,521,525,318,321,;1;0;0;Unlocked;0;0;0;1
00000000002072502746;2020-12-22;09:45:16;107739330758;-1;MediaTransport;-1;Paper;Matt Paper;265c5c4e-969d-446d-9f6b-101c95ef4564;15200;1;7646;7625;0;0;0;190;0;0.000000;0;0;0;320;0;54;Wide;1,;0,;1.000000;24.000000;503,521,525,318,321,;0;0;0;Unlocked;0;0;0;1
00000000002072502778;2020-12-22;09:45:16;107739331043;-1;MediaTransport;-1;Paper;Matt Paper;265c5c4e-969d-446d-9f6b-101c95ef4564;15200;1;7646;7625;0;0;0;190;0;0.000000;0;0;0;320;0;54;Wide;1,;0,;1.000000;24.000000;503,521,525,318,321,;0;0;0;Unlocked;0;0;0;1
00000000002072603648;2020-12-22;10:04:37;108900685216;-1;Print;545;Canvas;EPS Canvas;6c8495a2-6aff-43a6-a5d5-fe63869e7cd0;15200;0;-1;-1;0;0;0;330;0;0.000000;0;0;0;320;1;54;Wide;1,;0,;1.000000;24.000000;654,521,472,218,220,;1;0;0;Unlocked;0;1;0;1
00000000002077834013;2020-12-22;11:19:11;113374318457;-1;MediaTransport;-1;Canvas;EPS Canvas;6c8495a2-6aff-43a6-a5d5-fe63869e7cd0;15200;1;7633;7640;0;0;0;330;0;0.000000;0;0;0;320;1;-64;Wide;1,;0,;1.000000;24.000000;654,521,472,218,220,;0;0;0;Unlocked;0;0;0;1
00000000002077834040;2020-12-22;11:19:11;113374318729;-1;MediaTransport;-1;Canvas;EPS Canvas;6c8495a2-6aff-43a6-a5d5-fe63869e7cd0;15200;1;7633;7640;0;0;0;330;0;0.000000;0;0;0;320;1;-64;Wide;1,;0,;1.000000;24.000000;654,521,472,218,220,;0;0;0;Unlocked;0;0;0;1
00000000002077902997;2020-12-22;11:31:59;114142097154;-1;Print;546;Canvas;EPS Canvas;6c8495a2-6aff-43a6-a5d5-fe63869e7cd0;15200;0;-1;-1;0;0;0;330;0;0.000000;0;0;0;320;1;-64;Wide;1,;0,;1.000000;24.000000;654,521,472,218,220,;1;0;0;Unlocked;0;1;0;1
00000000002077923454;2020-12-22;11:34:13;114276481051;-1;Print;547;Canvas;EPS Canvas;6c8495a2-6aff-43a6-a5d5-fe63869e7cd0;15200;0;-1;-1;0;0;0;330;0;0.000000;0;0;0;320;1;0;Wide;1,;0,;1.000000;24.000000;654,521,472,218,220,;1;0;0;Unlocked;0;1;0;1
00000000002083024508;2020-12-22;12:48:38;118741214185;-1;MediaTransport;-1;Canvas;EPS Canvas;6c8495a2-6aff-43a6-a5d5-fe63869e7cd0;15200;1;7648;7615;0;0;0;330;0;0.000000;0;0;0;320;1;-64;Wide;1,;0,;1.000000;24.000000;654,521,472,218,220,;0;0;0;Unlocked;0;0;0;1
00000000002083024535;2020-12-22;12:48:38;118741214452;-1;MediaTransport;-1;Canvas;EPS Canvas;6c8495a2-6aff-43a6-a5d5-fe63869e7cd0;15200;1;7648;7615;0;0;0;330;0;0.000000;0;0;0;320;1;-64;Wide;1,;0,;1.000000;24.000000;654,521,472,218,220,;0;0;0;Unlocked;0;0;0;1
00000000002083102340;2020-12-22;12:55:57;119180684269;-1;Calibrate;548;Heavy paper > 200gsm;ESP SATIN 170gsm;b51f7a5e-5566-42d9-872e-4604155aa9be;13000;0;-1;-1;0;0;0;210;0;0.000000;0;0;0;320;1;-64;Wide;1,;0,;1.000000;24.000000;619,710,771,615,659,;0;0;0;Unlocked;0;1;0;1
00000000002083137828;2020-12-22;12:59:06;119369170358;-1;Calibrate;549;Heavy paper > 200gsm;ESP SATIN 170gsm;b51f7a5e-5566-42d9-872e-4604155aa9be;13000;1;6492;6504;0;0;0;210;0;0.000000;0;0;0;320;1;0;Wide;1,;0,;1.000000;24.000000;619,710,771,615,659,;0;0;0;Unlocked;0;0;0;1
00000000002083137857;2020-12-22;12:59:06;119369170674;-1;Calibrate;549;Heavy paper > 200gsm;ESP SATIN 170gsm;b51f7a5e-5566-42d9-872e-4604155aa9be;13000;1;6492;6504;0;0;0;210;0;0.000000;0;0;0;320;1;0;Wide;1,;0,;1.000000;24.000000;619,710,771,615,659,;0;0;0;Unlocked;0;0;0;1
00000000002083196436;2020-12-22;13:00:37;119459977993;-1;Calibrate;550;Heavy paper > 200gsm;ESP SATIN 170gsm;b51f7a5e-5566-42d9-872e-4604155aa9be;13000;1;6492;6504;0;0;0;210;0;0.000000;0;0;0;320;1;0;Wide;1,;0,;1.000000;24.000000;619,710,771,615,659,;0;0;0;Unlocked;0;0;0;1
00000000002083196465;2020-12-22;13:00:37;119459978264;-1;Calibrate;550;Heavy paper > 200gsm;ESP SATIN 170gsm;b51f7a5e-5566-42d9-872e-4604155aa9be;13000;1;6492;6504;0;0;0;210;0;0.000000;0;0;0;320;1;0;Wide;1,;0,;1.000000;24.000000;619,710,771,615,659,;0;0;0;Unlocked;0;0;0;1
00000000002084635643;2020-12-22;13:35:45;121568175792;-1;Calibrate;551;Heavy paper > 200gsm;ESP SATIN 170gsm;b51f7a5e-5566-42d9-872e-4604155aa9be;13000;1;6492;6504;0;0;0;210;0;0.000000;0;0;0;320;1;0;Wide;1,;0,;1.000000;24.000000;619,710,771,615,659,;0;0;0;Unlocked;0;0;0;1
00000000002084635672;2020-12-22;13:35:45;121568176061;-1;Calibrate;551;Heavy paper > 200gsm;ESP SATIN 170gsm;b51f7a5e-5566-42d9-872e-4604155aa9be;13000;1;6492;6504;0;0;0;210;0;0.000000;0;0;0;320;1;0;Wide;1,;0,;1.000000;24.000000;619,710,771,615,659,;0;0;0;Unlocked;0;0;0;1
00000000002084713161;2020-12-22;13:38:30;121733027897;-1;Calibrate;552;Heavy paper > 200gsm;ESP SATIN 170gsm;b51f7a5e-5566-42d9-872e-4604155aa9be;13000;1;6492;6504;0;0;0;210;0;0.000000;0;0;0;320;1;0;Wide;1,;0,;1.000000;24.000000;619,710,771,615,659,;0;0;0;Unlocked;0;0;0;1
00000000002084713190;2020-12-22;13:38:30;121733028254;-1;Calibrate;552;Heavy paper > 200gsm;ESP SATIN 170gsm;b51f7a5e-5566-42d9-872e-4604155aa9be;13000;1;6492;6504;0;0;0;210;0;0.000000;0;0;0;320;1;0;Wide;1,;0,;1.000000;24.000000;619,710,771,615,659,;0;0;0;Unlocked;0;0;0;1
00000000002084742521;2020-12-22;13:40:01;121824459901;-1;MediaTransport;-1;Heavy paper > 200gsm;ESP SATIN 170gsm;b51f7a5e-5566-42d9-872e-4604155aa9be;13000;1;6492;6504;0;0;0;210;0;0.000000;0;0;0;320;1;0;Wide;1,;0,;1.000000;24.000000;619,710,771,615,659,;0;0;0;Unlocked;0;0;0;1
00000000002084742548;2020-12-22;13:40:01;121824460164;-1;MediaTransport;-1;Heavy paper > 200gsm;ESP SATIN 170gsm;b51f7a5e-5566-42d9-872e-4604155aa9be;13000;1;6492;6504;0;0;0;210;0;0.000000;0;0;0;320;1;0;Wide;1,;0,;1.000000;24.000000;619,710,771,615,659,;0;0;0;Unlocked;0;0;0;1
00000000002084767282;2020-12-22;13:44:01;122064104053;-1;Print;553;Canvas;EPS Canvas;6c8495a2-6aff-43a6-a5d5-fe63869e7cd0;15200;0;-1;-1;0;0;0;330;0;0.000000;0;0;0;320;1;0;Wide;1,;0,;1.000000;24.000000;654,521,472,218,220,;1;0;0;Unlocked;0;1;0;1
00000000002089815183;2020-12-22;15:19:50;127813110506;-1;MediaTransport;-1;Canvas;EPS Canvas;6c8495a2-6aff-43a6-a5d5-fe63869e7cd0;15200;1;7612;7660;0;0;0;330;0;0.000000;0;0;0;320;1;-74;Wide;1,;0,;1.000000;24.000000;654,521,472,218,220,;0;0;0;Unlocked;0;0;0;1
00000000002089815210;2020-12-22;15:19:50;127813110790;-1;MediaTransport;-1;Canvas;EPS Canvas;6c8495a2-6aff-43a6-a5d5-fe63869e7cd0;15200;1;7612;7660;0;0;0;330;0;0.000000;0;0;0;320;1;-74;Wide;1,;0,;1.000000;24.000000;654,521,472,218,220,;0;0;0;Unlocked;0;0;0;1
00000000002089873757;2020-12-22;15:31:49;128532371764;-1;Print;554;Heavy paper > 200gsm;ESP SATIN 170gsm;b51f7a5e-5566-42d9-872e-4604155aa9be;13000;0;-1;-1;0;0;0;210;0;0.000000;0;0;0;320;1;-74;Wide;1,;0,;1.000000;24.000000;619,710,771,615,659,;1;0;0;Unlocked;0;1;0;1
00000000002090160784;2020-12-22;15:40:40;129063168351;-1;MediaTransport;-1;Heavy paper > 200gsm;ESP SATIN 170gsm;b51f7a5e-5566-42d9-872e-4604155aa9be;13000;1;6485;6511;0;0;0;210;0;0.000000;0;0;0;320;1;-38;Wide;1,;0,;1.000000;24.000000;619,710,771,615,659,;0;0;0;Unlocked;0;0;0;1
00000000002090160811;2020-12-22;15:40:40;129063168616;-1;MediaTransport;-1;Heavy paper > 200gsm;ESP SATIN 170gsm;b51f7a5e-5566-42d9-872e-4604155aa9be;13000;1;6485;6511;0;0;0;210;0;0.000000;0;0;0;320;1;-38;Wide;1,;0,;1.000000;24.000000;619,710,771,615,659,;0;0;0;Unlocked;0;0;0;1
00000000002090210337;2020-12-22;15:50:18;129641241098;-1;Print;555;Paper;Matt Paper;265c5c4e-969d-446d-9f6b-101c95ef4564;13700;0;-1;-1;0;0;0;190;0;0.000000;0;0;0;320;0;-38;Wide;1,;0,;1.000000;24.000000;511,562,582,350,363,;1;0;0;Unlocked;0;1;0;1
00000000002090627533;2020-12-22;15:57:42;130085506951;-1;MediaTransport;-1;Paper;Matt Paper;265c5c4e-969d-446d-9f6b-101c95ef4564;13700;1;6848;6878;0;0;0;190;0;0.000000;0;0;0;320;0;-87;Wide;1,;0,;1.000000;24.000000;511,562,582,350,363,;0;0;0;Unlocked;0;0;0;1
00000000002090627560;2020-12-22;15:57:42;130085507216;-1;MediaTransport;-1;Paper;Matt Paper;265c5c4e-969d-446d-9f6b-101c95ef4564;13700;1;6848;6878;0;0;0;190;0;0.000000;0;0;0;320;0;-87;Wide;1,;0,;1.000000;24.000000;511,562,582,350,363,;0;0;0;Unlocked;0;0;0;1
00000000002090659546;2020-12-22;16:03:20;130423161245;-1;Print;556;Paper;Matt Paper;265c5c4e-969d-446d-9f6b-101c95ef4564;13700;0;-1;-1;0;0;0;190;0;0.000000;0;0;0;320;0;-87;Wide;1,;0,;1.000000;24.000000;511,562,582,350,363,;1;0;0;None;0;1;0;1
00000000002091075144;2020-12-22;16:10:31;130854610040;-1;MediaTransport;-1;Paper;Matt Paper;265c5c4e-969d-446d-9f6b-101c95ef4564;13700;1;6850;6865;0;0;0;190;0;0.000000;0;0;0;320;0;-42;Wide;1,;0,;1.000000;24.000000;511,562,582,350,363,;0;0;0;None;0;0;0;1
00000000002091075171;2020-12-22;16:10:31;130854610306;-1;MediaTransport;-1;Paper;Matt Paper;265c5c4e-969d-446d-9f6b-101c95ef4564;13700;1;6850;6865;0;0;0;190;0;0.000000;0;0;0;320;0;-42;Wide;1,;0,;1.000000;24.000000;511,562,582,350,363,;0;0;0;None;0;0;0;1
00000000002091181296;2020-12-22;16:33:19;132222106705;-1;Print;557;Canvas;EPS Canvas;6c8495a2-6aff-43a6-a5d5-fe63869e7cd0;15200;0;-1;-1;0;0;0;330;0;0.000000;0;0;0;320;1;-42;Wide;1,;0,;1.000000;24.000000;654,521,472,218,220,;1;0;0;Unlocked;0;1;0;1
00000000002096770558;2020-12-22;19:46:55;143837461051;-1;MediaTransport;-1;Canvas;EPS Canvas;6c8495a2-6aff-43a6-a5d5-fe63869e7cd0;15200;1;7649;7622;0;0;0;330;0;0.000000;0;0;0;320;1;-76;Wide;1,;0,;1.000000;24.000000;654,521,472,218,220,;0;0;0;Unlocked;0;0;0;1
00000000002096770585;2020-12-22;19:46:55;143837461370;-1;MediaTransport;-1;Canvas;EPS Canvas;6c8495a2-6aff-43a6-a5d5-fe63869e7cd0;15200;1;7649;7622;0;0;0;330;0;0.000000;0;0;0;320;1;-76;Wide;1,;0,;1.000000;24.000000;654,521,472,218,220,;0;0;0;Unlocked;0;0;0;1
00000000002096837354;2020-12-22;19:59:03;144565893854;-1;MediaTransport;-1;Canvas;EPS Canvas;6c8495a2-6aff-43a6-a5d5-fe63869e7cd0;15200;0;-1;-1;0;0;0;330;0;0.000000;0;0;0;320;1;-76;Wide;1,;0,;1.000000;24.000000;654,521,472,218,220,;0;0;0;Unlocked;0;1;0;1
00000000002096879949;2020-12-22;20:07:28;145070490868;-1;Print;558;Canvas;EPS Canvas;6c8495a2-6aff-43a6-a5d5-fe63869e7cd0;15200;1;7665;7601;0;0;0;330;0;0.000000;0;0;0;320;1;0;Wide;1,;0,;1.000000;24.000000;654,521,472,218,220,;1;0;0;Unlocked;0;0;0;1
00000000002096879974;2020-12-22;20:07:28;145070491134;-1;Print;558;Canvas;EPS Canvas;6c8495a2-6aff-43a6-a5d5-fe63869e7cd0;15200;1;7665;7601;0;0;0;330;0;0.000000;0;0;0;320;1;0;Wide;1,;0,;1.000000;24.000000;654,521,472,218,220,;1;0;0;Unlocked;0;0;0;1
00000000002102036599;2020-12-22;21:29:03;149965781847;-1;MediaTransport;-1;Canvas;EPS Canvas;6c8495a2-6aff-43a6-a5d5-fe63869e7cd0;15200;1;7665;7601;0;0;0;330;0;0.000000;0;0;0;320;1;-73;Wide;1,;0,;1.000000;24.000000;654,521,472,218,220,;0;0;0;Unlocked;0;0;0;1
00000000002102036626;2020-12-22;21:29:03;149965782105;-1;MediaTransport;-1;Canvas;EPS Canvas;6c8495a2-6aff-43a6-a5d5-fe63869e7cd0;15200;1;7665;7601;0;0;0;330;0;0.000000;0;0;0;320;1;-73;Wide;1,;0,;1.000000;24.000000;654,521,472,218,220,;0;0;0;Unlocked;0;0;0;1
00000000002102072390;2020-12-22;21:35:43;150365688822;-1;MediaTransport;-1;Canvas;EPS Canvas;6c8495a2-6aff-43a6-a5d5-fe63869e7cd0;15200;0;-1;-1;0;0;0;330;0;0.000000;0;0;0;320;1;-73;Wide;1,;0,;1.000000;24.000000;654,521,472,218,220,;0;0;0;Unlocked;0;1;0;1
00000000002102090771;2020-12-22;21:38:22;150524815801;-1;Print;559;Canvas;EPS Canvas;6c8495a2-6aff-43a6-a5d5-fe63869e7cd0;15200;1;7651;7622;0;0;0;330;0;0.000000;0;0;0;320;1;0;Wide;1,;0,;1.000000;24.000000;654,521,472,218,220,;1;0;0;Unlocked;0;0;0;1
00000000002102090796;2020-12-22;21:38:22;150524816042;-1;Print;559;Canvas;EPS Canvas;6c8495a2-6aff-43a6-a5d5-fe63869e7cd0;15200;1;7651;7622;0;0;0;330;0;0.000000;0;0;0;320;1;0;Wide;1,;0,;1.000000;24.000000;654,521,472,218,220,;1;0;0;Unlocked;0;0;0;1
00000000002103585413;2020-12-22;21:59:28;151790644435;-1;MediaTransport;-1;Canvas;EPS Canvas;6c8495a2-6aff-43a6-a5d5-fe63869e7cd0;15200;1;7651;7622;0;0;0;330;0;0.000000;0;0;0;320;1;-83;Wide;1,;0,;1.000000;24.000000;654,521,472,218,220,;0;0;0;Unlocked;0;0;0;1
00000000002103585440;2020-12-22;21:59:28;151790644693;-1;MediaTransport;-1;Canvas;EPS Canvas;6c8495a2-6aff-43a6-a5d5-fe63869e7cd0;15200;1;7651;7622;0;0;0;330;0;0.000000;0;0;0;320;1;-83;Wide;1,;0,;1.000000;24.000000;654,521,472,218,220,;0;0;0;Unlocked;0;0;0;1
00000000002103881719;2020-12-22;23:04:11;155673406139;-1;Print;560;Canvas;EPS Canvas;6c8495a2-6aff-43a6-a5d5-fe63869e7cd0;15200;1;7651;7622;0;0;0;330;0;0.000000;0;0;0;320;1;-83;Wide;1,;0,;1.000000;24.000000;654,521,472,218,220,;1;0;0;Unlocked;0;1;0;1
00000000002106894426;2020-12-22;23:47:17;158259198993;-1;MediaTransport;-1;Canvas;EPS Canvas;6c8495a2-6aff-43a6-a5d5-fe63869e7cd0;15200;1;7662;7611;0;0;0;330;0;0.000000;0;0;0;320;1;-94;Wide;1,;0,;1.000000;24.000000;654,521,472,218,220,;0;0;0;Unlocked;0;0;0;1
00000000002106894453;2020-12-22;23:47:17;158259199268;-1;MediaTransport;-1;Canvas;EPS Canvas;6c8495a2-6aff-43a6-a5d5-fe63869e7cd0;15200;1;7662;7611;0;0;0;330;0;0.000000;0;0;0;320;1;-94;Wide;1,;0,;1.000000;24.000000;654,521,472,218,220,;0;0;0;Unlocked;0;0;0;1
00000000002106916785;2020-12-22;23:50:42;158465058946;-1;MediaTransport;-1;Canvas;EPS Canvas;6c8495a2-6aff-43a6-a5d5-fe63869e7cd0;15200;0;-1;-1;0;0;0;330;0;0.000000;0;0;0;320;1;-94;Wide;1,;0,;1.000000;24.000000;654,521,472,218,220,;0;0;0;Unlocked;0;1;0;1
00000000002106949116;2020-12-22;23:55:19;158741824841;-1;Print;561;Canvas;EPS Canvas;6c8495a2-6aff-43a6-a5d5-fe63869e7cd0;15200;1;7655;7609;0;0;0;330;0;0.000000;0;0;0;320;1;0;Wide;1,;0,;1.000000;24.000000;654,521,472,218,220,;1;0;0;Unlocked;0;0;0;1
00000000002106949226;2020-12-22;23:55:19;158741825122;-1;Print;561;Canvas;EPS Canvas;6c8495a2-6aff-43a6-a5d5-fe63869e7cd0;15200;1;7655;7609;0;0;0;330;0;0.000000;0;0;0;320;1;0;Wide;1,;0,;1.000000;24.000000;654,521,472,218,220,;1;0;0;Unlocked;0;0;0;1
00000000002112025619;2020-12-23;00:59:37;162599427369;-1;MediaTransport;-1;Canvas;EPS Canvas;6c8495a2-6aff-43a6-a5d5-fe63869e7cd0;15200;1;7655;7609;0;0;0;330;0;0.000000;0;0;0;320;1;-101;Wide;1,;0,;1.000000;24.000000;654,521,472,218,220,;0;0;0;Unlocked;0;0;0;1
00000000002112025646;2020-12-23;00:59:37;162599427633;-1;MediaTransport;-1;Canvas;EPS Canvas;6c8495a2-6aff-43a6-a5d5-fe63869e7cd0;15200;1;7655;7609;0;0;0;330;0;0.000000;0;0;0;320;1;-101;Wide;1,;0,;1.000000;24.000000;654,521,472,218,220,;0;0;0;Unlocked;0;0;0;1
00000000002112050825;2020-12-23;01:03:35;162837690205;-1;MediaTransport;-1;Canvas;EPS Canvas;6c8495a2-6aff-43a6-a5d5-fe63869e7cd0;15200;0;-1;-1;0;0;0;330;0;0.000000;0;0;0;320;1;-101;Wide;1,;0,;1.000000;24.000000;654,521,472,218,220,;0;0;0;Unlocked;0;1;0;1
00000000002112074936;2020-12-23;01:07:34;163076665480;-1;Print;562;Canvas;EPS Canvas;6c8495a2-6aff-43a6-a5d5-fe63869e7cd0;15200;1;7668;7599;0;0;0;330;0;0.000000;0;0;0;320;1;0;Wide;1,;0,;1.000000;24.000000;654,521,472,218,220,;1;0;0;Unlocked;0;0;0;1
00000000002112074961;2020-12-23;01:07:34;163076665730;-1;Print;562;Canvas;EPS Canvas;6c8495a2-6aff-43a6-a5d5-fe63869e7cd0;15200;1;7668;7599;0;0;0;330;0;0.000000;0;0;0;320;1;0;Wide;1,;0,;1.000000;24.000000;654,521,472,218,220,;1;0;0;Unlocked;0;0;0;1
00000000002117092303;2020-12-23;02:16:15;167197296304;-1;MediaTransport;-1;Canvas;EPS Canvas;6c8495a2-6aff-43a6-a5d5-fe63869e7cd0;15200;1;7668;7599;0;0;0;330;0;0.000000;0;0;0;320;1;-68;Wide;1,;0,;1.000000;24.000000;654,521,472,218,220,;0;0;0;Unlocked;0;0;0;1
00000000002117092330;2020-12-23;02:16:15;167197296562;-1;MediaTransport;-1;Canvas;EPS Canvas;6c8495a2-6aff-43a6-a5d5-fe63869e7cd0;15200;1;7668;7599;0;0;0;330;0;0.000000;0;0;0;320;1;-68;Wide;1,;0,;1.000000;24.000000;654,521,472,218,220,;0;0;0;Unlocked;0;0;0;1
00000000002117112831;2020-12-23;02:19:09;167371741798;-1;MediaTransport;-1;Canvas;EPS Canvas;6c8495a2-6aff-43a6-a5d5-fe63869e7cd0;15200;0;-1;-1;0;0;0;330;0;0.000000;0;0;0;320;1;-68;Wide;1,;0,;1.000000;24.000000;654,521,472,218,220,;0;0;0;Unlocked;0;1;0;1
00000000002117128951;2020-12-23;02:21:16;167497923257;-1;Print;563;Canvas;EPS Canvas;6c8495a2-6aff-43a6-a5d5-fe63869e7cd0;15200;1;7667;7599;0;0;0;330;0;0.000000;0;0;0;320;1;0;Wide;1,;0,;1.000000;24.000000;654,521,472,218,220,;1;0;0;Unlocked;0;0;0;1
00000000002117128976;2020-12-23;02:21:16;167497923525;-1;Print;563;Canvas;EPS Canvas;6c8495a2-6aff-43a6-a5d5-fe63869e7cd0;15200;1;7667;7599;0;0;0;330;0;0.000000;0;0;0;320;1;0;Wide;1,;0,;1.000000;24.000000;654,521,472,218,220,;1;0;0;Unlocked;0;0;0;1
00000000002118751321;2020-12-23;02:42:36;168778053806;-1;Print;564;Canvas;EPS Canvas;6c8495a2-6aff-43a6-a5d5-fe63869e7cd0;15200;1;7667;7599;0;0;0;330;0;0.000000;0;0;0;320;1;-106;Wide;1,;0,;1.000000;24.000000;654,521,472,218,220,;1;0;0;Unlocked;0;0;0;1
00000000002118751346;2020-12-23;02:42:36;168778054081;-1;Print;564;Canvas;EPS Canvas;6c8495a2-6aff-43a6-a5d5-fe63869e7cd0;15200;1;7667;7599;0;0;0;330;0;0.000000;0;0;0;320;1;-106;Wide;1,;0,;1.000000;24.000000;654,521,472,218,220,;1;0;0;Unlocked;0;0;0;1
00000000002119370102;2020-12-23;02:51:25;169306876514;-1;MediaTransport;-1;Canvas;EPS Canvas;6c8495a2-6aff-43a6-a5d5-fe63869e7cd0;15200;1;7667;7599;0;0;0;330;0;0.000000;0;0;0;320;1;-87;Wide;1,;0,;1.000000;24.000000;654,521,472,218,220,;0;0;0;Unlocked;0;0;0;1
00000000002119370129;2020-12-23;02:51:25;169306876780;-1;MediaTransport;-1;Canvas;EPS Canvas;6c8495a2-6aff-43a6-a5d5-fe63869e7cd0;15200;1;7667;7599;0;0;0;330;0;0.000000;0;0;0;320;1;-87;Wide;1,;0,;1.000000;24.000000;654,521,472,218,220,;0;0;0;Unlocked;0;0;0;1
00000000002119690045;2020-12-23;04:00:59;173481548797;-1;Print;565;Canvas;EPS Canvas;6c8495a2-6aff-43a6-a5d5-fe63869e7cd0;15200;1;7667;7599;0;0;0;330;0;0.000000;0;0;0;320;1;-87;Wide;1,;0,;1.000000;24.000000;654,521,472,218,220,;1;0;0;Unlocked;0;1;0;1
00000000002119988710;2020-12-23;04:07:53;173895199708;-1;MediaTransport;-1;Canvas;EPS Canvas;6c8495a2-6aff-43a6-a5d5-fe63869e7cd0;15200;1;7663;7603;0;0;0;330;0;0.000000;0;0;0;320;1;-116;Wide;1,;0,;1.000000;24.000000;654,521,472,218,220,;0;0;0;Unlocked;0;0;0;1
00000000002119988737;2020-12-23;04:07:53;173895199980;-1;MediaTransport;-1;Canvas;EPS Canvas;6c8495a2-6aff-43a6-a5d5-fe63869e7cd0;15200;1;7663;7603;0;0;0;330;0;0.000000;0;0;0;320;1;-116;Wide;1,;0,;1.000000;24.000000;654,521,472,218,220,;0;0;0;Unlocked;0;0;0;1
00000000002120550834;2020-12-23;06:13:05;181406682634;-1;Print;566;Canvas;EPS Canvas;6c8495a2-6aff-43a6-a5d5-fe63869e7cd0;15200;0;-1;-1;0;0;0;330;0;0.000000;0;0;0;320;1;-116;Wide;1,;0,;1.000000;24.000000;654,521,472,218,220,;1;0;0;Unlocked;0;1;0;1
00000000002125813638;2020-12-23;07:21:35;185517496706;-1;MediaTransport;-1;Canvas;EPS Canvas;6c8495a2-6aff-43a6-a5d5-fe63869e7cd0;15200;1;7651;7620;0;0;0;330;0;0.000000;0;0;0;320;1;-73;Wide;1,;0,;1.000000;24.000000;654,521,472,218,220,;0;0;0;Unlocked;0;0;0;1
00000000002125813665;2020-12-23;07:21:35;185517496969;-1;MediaTransport;-1;Canvas;EPS Canvas;6c8495a2-6aff-43a6-a5d5-fe63869e7cd0;15200;1;7651;7620;0;0;0;330;0;0.000000;0;0;0;320;1;-73;Wide;1,;0,;1.000000;24.000000;654,521,472,218,220,;0;0;0;Unlocked;0;0;0;1
00000000002125952909;2020-12-23;07:50:56;187277811825;-1;Print;567;Canvas;EPS Canvas;6c8495a2-6aff-43a6-a5d5-fe63869e7cd0;15200;0;-1;-1;0;0;0;330;0;0.000000;0;0;0;320;1;-73;Wide;1,;0,;1.000000;24.000000;654,521,472,218,220,;1;0;0;Unlocked;0;1;0;1
00000000002125966966;2020-12-23;07:52:15;187356791505;-1;Print;568;Canvas;EPS Canvas;6c8495a2-6aff-43a6-a5d5-fe63869e7cd0;15200;0;-1;-1;0;0;0;330;0;0.000000;0;0;0;320;1;-73;Wide;1,;0,;1.000000;24.000000;654,521,472,218,220,;1;0;0;Unlocked;0;1;0;1
00000000002131104918;2020-12-23;09:23:21;192822937564;-1;MediaTransport;-1;Canvas;EPS Canvas;6c8495a2-6aff-43a6-a5d5-fe63869e7cd0;15200;1;7649;7619;0;0;0;330;0;0.000000;0;0;0;320;1;-80;Wide;1,;0,;1.000000;24.000000;654,521,472,218,220,;0;0;0;Unlocked;0;0;0;1
00000000002131104945;2020-12-23;09:23:21;192822937827;-1;MediaTransport;-1;Canvas;EPS Canvas;6c8495a2-6aff-43a6-a5d5-fe63869e7cd0;15200;1;7649;7619;0;0;0;330;0;0.000000;0;0;0;320;1;-80;Wide;1,;0,;1.000000;24.000000;654,521,472,218,220,;0;0;0;Unlocked;0;0;0;1
00000000002131190823;2020-12-23;09:41:41;193922894500;-1;Print;569;Canvas;EPS Canvas;6c8495a2-6aff-43a6-a5d5-fe63869e7cd0;15200;0;-1;-1;0;0;0;330;0;0.000000;0;0;0;320;1;-80;Wide;1,;0,;1.000000;24.000000;654,521,472,218,220,;1;0;0;Unlocked;0;1;0;1
00000000002131224320;2020-12-23;09:47:35;194277295969;-1;Print;570;Canvas;EPS Canvas;6c8495a2-6aff-43a6-a5d5-fe63869e7cd0;15200;0;-1;-1;0;0;0;330;0;0.000000;0;0;0;320;1;-80;Wide;1,;0,;1.000000;24.000000;654,521,472,218,220,;1;0;0;Unlocked;0;1;0;1
00000000002132848450;2020-12-23;10:15:25;195946966121;-1;Print;571;Canvas;EPS Canvas;6c8495a2-6aff-43a6-a5d5-fe63869e7cd0;15200;1;7604;7668;0;0;0;330;0;0.000000;0;0;0;320;1;-87;Wide;1,;0,;1.000000;24.000000;654,521,472,218,220,;1;0;0;Unlocked;0;0;0;1
00000000002132848475;2020-12-23;10:15:25;195946966361;-1;Print;571;Canvas;EPS Canvas;6c8495a2-6aff-43a6-a5d5-fe63869e7cd0;15200;1;7604;7668;0;0;0;330;0;0.000000;0;0;0;320;1;-87;Wide;1,;0,;1.000000;24.000000;654,521,472,218,220,;1;0;0;Unlocked;0;0;0;1
00000000002133025790;2020-12-23;10:25:45;196567043553;-1;MediaTransport;-1;Canvas;EPS Canvas;6c8495a2-6aff-43a6-a5d5-fe63869e7cd0;15200;1;7604;7668;0;0;0;330;0;0.000000;0;0;0;320;1;-72;Wide;1,;0,;1.000000;24.000000;654,521,472,218,220,;0;0;0;Unlocked;0;0;0;1
00000000002133025817;2020-12-23;10:25:45;196567043810;-1;MediaTransport;-1;Canvas;EPS Canvas;6c8495a2-6aff-43a6-a5d5-fe63869e7cd0;15200;1;7604;7668;0;0;0;330;0;0.000000;0;0;0;320;1;-72;Wide;1,;0,;1.000000;24.000000;654,521,472,218,220,;0;0;0;Unlocked;0;0;0;1
00000000002133255071;2020-12-23;11:16:52;199633389247;-1;Print;572;Canvas;EPS Canvas;6c8495a2-6aff-43a6-a5d5-fe63869e7cd0;15200;1;7604;7668;0;0;0;330;0;0.000000;0;0;0;320;1;-72;Wide;1,;0,;1.000000;24.000000;654,521,472,218,220,;1;0;0;Unlocked;0;1;0;1
00000000002135597120;2020-12-23;11:49:46;201607763457;-1;MediaTransport;-1;Canvas;EPS Canvas;6c8495a2-6aff-43a6-a5d5-fe63869e7cd0;15200;1;7599;7673;0;0;0;330;0;0.000000;0;0;0;320;1;-84;Wide;1,;0,;1.000000;24.000000;654,521,472,218,220,;0;0;0;Unlocked;0;0;0;1
00000000002135597147;2020-12-23;11:49:46;201607763712;-1;MediaTransport;-1;Canvas;EPS Canvas;6c8495a2-6aff-43a6-a5d5-fe63869e7cd0;15200;1;7599;7673;0;0;0;330;0;0.000000;0;0;0;320;1;-84;Wide;1,;0,;1.000000;24.000000;654,521,472,218,220,;0;0;0;Unlocked;0;0;0;1
00000000002135647967;2020-12-23;11:58:23;202124532027;-1;Print;573;Canvas;EPS Canvas;6c8495a2-6aff-43a6-a5d5-fe63869e7cd0;15200;0;-1;-1;0;0;0;330;0;0.000000;0;0;0;320;1;-84;Wide;1,;0,;1.000000;24.000000;654,521,472,218,220,;1;0;0;Unlocked;0;1;0;1
00000000002140644267;2020-12-23;13:15:34;206755801532;-1;MediaTransport;-1;Canvas;EPS Canvas;6c8495a2-6aff-43a6-a5d5-fe63869e7cd0;15200;1;7653;7619;0;0;0;330;0;0.000000;0;0;0;320;1;-65;Wide;1,;0,;1.000000;24.000000;654,521,472,218,220,;0;0;0;Unlocked;0;0;0;1
00000000002140644294;2020-12-23;13:15:34;206755801867;-1;MediaTransport;-1;Canvas;EPS Canvas;6c8495a2-6aff-43a6-a5d5-fe63869e7cd0;15200;1;7653;7619;0;0;0;330;0;0.000000;0;0;0;320;1;-65;Wide;1,;0,;1.000000;24.000000;654,521,472,218,220,;0;0;0;Unlocked;0;0;0;1
00000000002140720455;2020-12-23;13:30:12;207633324390;-1;Print;574;Canvas;EPS Canvas;6c8495a2-6aff-43a6-a5d5-fe63869e7cd0;15200;0;-1;-1;0;0;0;330;0;0.000000;0;0;0;320;1;-65;Wide;1,;0,;1.000000;24.000000;654,521,472,218,220,;1;0;0;Unlocked;0;1;0;1
00000000002146369247;2020-12-23;16:13:58;217459638611;-1;MediaTransport;-1;Canvas;EPS Canvas;6c8495a2-6aff-43a6-a5d5-fe63869e7cd0;15200;1;7662;7606;0;0;0;330;0;0.000000;0;0;0;320;1;-122;Wide;1,;0,;1.000000;24.000000;654,521,472,218,220,;0;0;0;Unlocked;0;0;0;1
00000000002146369274;2020-12-23;16:13:58;217459638901;-1;MediaTransport;-1;Canvas;EPS Canvas;6c8495a2-6aff-43a6-a5d5-fe63869e7cd0;15200;1;7662;7606;0;0;0;330;0;0.000000;0;0;0;320;1;-122;Wide;1,;0,;1.000000;24.000000;654,521,472,218,220,;0;0;0;Unlocked;0;0;0;1
00000000002146434602;2020-12-23;16:27:30;218271441606;-1;MediaTransport;-1;Canvas;EPS Canvas;6c8495a2-6aff-43a6-a5d5-fe63869e7cd0;15200;0;-1;-1;0;0;0;330;0;0.000000;0;0;0;320;1;-122;Wide;1,;0,;1.000000;24.000000;654,521,472,218,220,;0;0;0;Unlocked;0;1;0;1
00000000002146463011;2020-12-23;16:31:09;218489833365;-1;Print;575;Canvas;EPS Canvas;6c8495a2-6aff-43a6-a5d5-fe63869e7cd0;15200;1;7648;7622;0;0;0;330;0;0.000000;0;0;0;320;1;0;Wide;1,;0,;1.000000;24.000000;654,521,472,218,220,;1;0;0;Unlocked;0;0;0;1
00000000002146463036;2020-12-23;16:31:09;218489833619;-1;Print;575;Canvas;EPS Canvas;6c8495a2-6aff-43a6-a5d5-fe63869e7cd0;15200;1;7648;7622;0;0;0;330;0;0.000000;0;0;0;320;1;0;Wide;1,;0,;1.000000;24.000000;654,521,472,218,220,;1;0;0;Unlocked;0;0;0;1
00000000002151562162;2020-12-23;17:41:30;222711406011;-1;MediaTransport;-1;Canvas;EPS Canvas;6c8495a2-6aff-43a6-a5d5-fe63869e7cd0;15200;1;7648;7622;0;0;0;330;0;0.000000;0;0;0;320;1;-55;Wide;1,;0,;1.000000;24.000000;654,521,472,218,220,;0;0;0;Unlocked;0;0;0;1
00000000002151562189;2020-12-23;17:41:30;222711406261;-1;MediaTransport;-1;Canvas;EPS Canvas;6c8495a2-6aff-43a6-a5d5-fe63869e7cd0;15200;1;7648;7622;0;0;0;330;0;0.000000;0;0;0;320;1;-55;Wide;1,;0,;1.000000;24.000000;654,521,472,218,220,;0;0;0;Unlocked;0;0;0;1
00000000002151597878;2020-12-23;17:48:01;223102594246;-1;MediaTransport;-1;Canvas;EPS Canvas;6c8495a2-6aff-43a6-a5d5-fe63869e7cd0;15200;0;-1;-1;0;0;0;330;0;0.000000;0;0;0;320;1;-55;Wide;1,;0,;1.000000;24.000000;654,521,472,218,220,;0;0;0;Unlocked;0;1;0;1
00000000002151648062;2020-12-23;17:56:33;223614691773;-1;Print;576;Canvas;EPS Canvas;6c8495a2-6aff-43a6-a5d5-fe63869e7cd0;15200;1;7664;7605;0;0;0;330;0;0.000000;0;0;0;320;1;0;Wide;1,;0,;1.000000;24.000000;654,521,472,218,220,;1;0;0;Unlocked;0;0;0;1
00000000002151648087;2020-12-23;17:56:33;223614692058;-1;Print;576;Canvas;EPS Canvas;6c8495a2-6aff-43a6-a5d5-fe63869e7cd0;15200;1;7664;7605;0;0;0;330;0;0.000000;0;0;0;320;1;0;Wide;1,;0,;1.000000;24.000000;654,521,472,218,220,;1;0;0;Unlocked;0;0;0;1
00000000002156632084;2020-12-23;19:07:38;227878902002;-1;MediaTransport;-1;Canvas;EPS Canvas;6c8495a2-6aff-43a6-a5d5-fe63869e7cd0;15200;1;7664;7605;0;0;0;330;0;0.000000;0;0;0;320;1;-46;Wide;1,;0,;1.000000;24.000000;654,521,472,218,220,;0;0;0;Unlocked;0;0;0;1
00000000002156632111;2020-12-23;19:07:38;227878902262;-1;MediaTransport;-1;Canvas;EPS Canvas;6c8495a2-6aff-43a6-a5d5-fe63869e7cd0;15200;1;7664;7605;0;0;0;330;0;0.000000;0;0;0;320;1;-46;Wide;1,;0,;1.000000;24.000000;654,521,472,218,220,;0;0;0;Unlocked;0;0;0;1
00000000002156654985;2020-12-23;19:11:08;228088986842;-1;MediaTransport;-1;Canvas;EPS Canvas;6c8495a2-6aff-43a6-a5d5-fe63869e7cd0;15200;0;-1;-1;0;0;0;330;0;0.000000;0;0;0;320;1;-46;Wide;1,;0,;1.000000;24.000000;654,521,472,218,220,;0;0;0;Unlocked;0;1;0;1
00000000002156698141;2020-12-23;19:18:17;228518263141;-1;Print;577;Canvas;EPS Canvas;6c8495a2-6aff-43a6-a5d5-fe63869e7cd0;15200;1;7649;7622;0;0;0;330;0;0.000000;0;0;0;320;1;0;Wide;1,;0,;1.000000;24.000000;654,521,472,218,220,;1;0;0;Unlocked;0;0;0;1
00000000002156698166;2020-12-23;19:18:17;228518263386;-1;Print;577;Canvas;EPS Canvas;6c8495a2-6aff-43a6-a5d5-fe63869e7cd0;15200;1;7649;7622;0;0;0;330;0;0.000000;0;0;0;320;1;0;Wide;1,;0,;1.000000;24.000000;654,521,472,218,220,;1;0;0;Unlocked;0;0;0;1
00000000002161778478;2020-12-23;20:29:52;232813338221;-1;MediaTransport;-1;Canvas;EPS Canvas;6c8495a2-6aff-43a6-a5d5-fe63869e7cd0;15200;1;7649;7622;0;0;0;330;0;0.000000;0;0;0;320;1;-44;Wide;1,;0,;1.000000;24.000000;654,521,472,218,220,;0;0;0;Unlocked;0;0;0;1
00000000002161778505;2020-12-23;20:29:52;232813338528;-1;MediaTransport;-1;Canvas;EPS Canvas;6c8495a2-6aff-43a6-a5d5-fe63869e7cd0;15200;1;7649;7622;0;0;0;330;0;0.000000;0;0;0;320;1;-44;Wide;1,;0,;1.000000;24.000000;654,521,472,218,220,;0;0;0;Unlocked;0;0;0;1
00000000002161810294;2020-12-23;20:35:24;233145279288;-1;MediaTransport;-1;Canvas;EPS Canvas;6c8495a2-6aff-43a6-a5d5-fe63869e7cd0;15200;0;-1;-1;0;0;0;330;0;0.000000;0;0;0;320;1;-44;Wide;1,;0,;1.000000;24.000000;654,521,472,218,220,;0;0;0;Unlocked;0;1;0;1
00000000002161831920;2020-12-23;20:38:43;233344091511;-1;Print;578;Canvas;EPS Canvas;6c8495a2-6aff-43a6-a5d5-fe63869e7cd0;15200;1;7676;7592;0;0;0;330;0;0.000000;0;0;0;320;1;0;Wide;1,;0,;1.000000;24.000000;654,521,472,218,220,;1;0;0;Unlocked;0;0;0;1
00000000002161831945;2020-12-23;20:38:43;233344091816;-1;Print;578;Canvas;EPS Canvas;6c8495a2-6aff-43a6-a5d5-fe63869e7cd0;15200;1;7676;7592;0;0;0;330;0;0.000000;0;0;0;320;1;0;Wide;1,;0,;1.000000;24.000000;654,521,472,218,220,;1;0;0;Unlocked;0;0;0;1
00000000002166862075;2020-12-23;21:44:46;237306528034;-1;MediaTransport;-1;Canvas;EPS Canvas;6c8495a2-6aff-43a6-a5d5-fe63869e7cd0;15200;1;7676;7592;0;0;0;330;0;0.000000;0;0;0;320;1;-61;Wide;1,;0,;1.000000;24.000000;654,521,472,218,220,;0;0;0;Unlocked;0;0;0;1
00000000002166862102;2020-12-23;21:44:46;237306528310;-1;MediaTransport;-1;Canvas;EPS Canvas;6c8495a2-6aff-43a6-a5d5-fe63869e7cd0;15200;1;7676;7592;0;0;0;330;0;0.000000;0;0;0;320;1;-61;Wide;1,;0,;1.000000;24.000000;654,521,472,218,220,;0;0;0;Unlocked;0;0;0;1
00000000002166885372;2020-12-23;21:48:15;237515711375;-1;MediaTransport;-1;Canvas;EPS Canvas;6c8495a2-6aff-43a6-a5d5-fe63869e7cd0;15200;0;-1;-1;0;0;0;330;0;0.000000;0;0;0;320;1;-61;Wide;1,;0,;1.000000;24.000000;654,521,472,218,220,;0;0;0;Unlocked;0;1;0;1
00000000002166907404;2020-12-23;21:51:41;237721508702;-1;Print;579;Canvas;EPS Canvas;6c8495a2-6aff-43a6-a5d5-fe63869e7cd0;15200;1;7642;7624;0;0;0;330;0;0.000000;0;0;0;320;1;0;Wide;1,;0,;1.000000;24.000000;654,521,472,218,220,;1;0;0;Unlocked;0;0;0;1
00000000002166907429;2020-12-23;21:51:41;237721508951;-1;Print;579;Canvas;EPS Canvas;6c8495a2-6aff-43a6-a5d5-fe63869e7cd0;15200;1;7642;7624;0;0;0;330;0;0.000000;0;0;0;320;1;0;Wide;1,;0,;1.000000;24.000000;654,521,472,218,220,;1;0;0;Unlocked;0;0;0;1
00000000002171895531;2020-12-23;22:56:21;241601612483;-1;MediaTransport;-1;Canvas;EPS Canvas;6c8495a2-6aff-43a6-a5d5-fe63869e7cd0;15200;1;7642;7624;0;0;0;330;0;0.000000;0;0;0;320;1;-62;Wide;1,;0,;1.000000;24.000000;654,521,472,218,220,;0;0;0;Unlocked;0;0;0;1
00000000002171895562;2020-12-23;22:56:21;241601612778;-1;MediaTransport;-1;Canvas;EPS Canvas;6c8495a2-6aff-43a6-a5d5-fe63869e7cd0;15200;1;7642;7624;0;0;0;330;0;0.000000;0;0;0;320;1;-62;Wide;1,;0,;1.000000;24.000000;654,521,472,218,220,;0;0;0;Unlocked;0;0;0;1
00000000002171928975;2020-12-23;23:02:11;241952184103;-1;MediaTransport;-1;Canvas;EPS Canvas;6c8495a2-6aff-43a6-a5d5-fe63869e7cd0;15200;0;-1;-1;0;0;0;330;0;0.000000;0;0;0;320;1;-62;Wide;1,;0,;1.000000;24.000000;654,521,472,218,220,;0;0;0;Unlocked;0;1;0;1
00000000002171945410;2020-12-23;23:04:20;242081212762;-1;Print;580;Canvas;EPS Canvas;6c8495a2-6aff-43a6-a5d5-fe63869e7cd0;15200;1;7638;7635;0;0;0;330;0;0.000000;0;0;0;320;1;0;Wide;1,;0,;1.000000;24.000000;654,521,472,218,220,;1;0;0;Unlocked;0;0;0;1
00000000002171945435;2020-12-23;23:04:20;242081213043;-1;Print;580;Canvas;EPS Canvas;6c8495a2-6aff-43a6-a5d5-fe63869e7cd0;15200;1;7638;7635;0;0;0;330;0;0.000000;0;0;0;320;1;0;Wide;1,;0,;1.000000;24.000000;654,521,472,218,220,;1;0;0;Unlocked;0;0;0;1
00000000002173018742;2020-12-23;23:35:20;243940696176;-1;MediaTransport;-1;Canvas;EPS Canvas;6c8495a2-6aff-43a6-a5d5-fe63869e7cd0;15200;1;7638;7635;0;0;0;330;0;0.000000;0;0;0;320;1;-68;Wide;1,;0,;1.000000;24.000000;654,521,472,218,220,;0;0;0;Unlocked;0;0;0;1
00000000002173018769;2020-12-23;23:35:20;243940696433;-1;MediaTransport;-1;Canvas;EPS Canvas;6c8495a2-6aff-43a6-a5d5-fe63869e7cd0;15200;1;7638;7635;0;0;0;330;0;0.000000;0;0;0;320;1;-68;Wide;1,;0,;1.000000;24.000000;654,521,472,218,220,;0;0;0;Unlocked;0;0;0;1
00000000002173680536;2020-12-24;02:37:29;254869959393;-1;Print;581;Canvas;EPS Canvas;6c8495a2-6aff-43a6-a5d5-fe63869e7cd0;15200;0;-1;-1;0;0;0;330;0;0.000000;0;0;0;320;1;-68;Wide;1,;0,;1.000000;24.000000;654,521,472,218,220,;1;0;0;Unlocked;0;1;0;1
00000000002173884433;2020-12-24;02:48:40;255540035518;-1;MediaTransport;-1;Canvas;EPS Canvas;6c8495a2-6aff-43a6-a5d5-fe63869e7cd0;15200;1;7631;7636;0;0;0;330;0;0.000000;0;0;0;320;1;-89;Wide;1,;0,;1.000000;24.000000;654,521,472,218,220,;0;0;0;Unlocked;0;0;0;1
00000000002173884460;2020-12-24;02:48:40;255540035827;-1;MediaTransport;-1;Canvas;EPS Canvas;6c8495a2-6aff-43a6-a5d5-fe63869e7cd0;15200;1;7631;7636;0;0;0;330;0;0.000000;0;0;0;320;1;-89;Wide;1,;0,;1.000000;24.000000;654,521,472,218,220,;0;0;0;Unlocked;0;0;0;1
00000000002174820315;2020-12-24;06:43:35;269634830138;-1;Print;582;Canvas;EPS Canvas;6c8495a2-6aff-43a6-a5d5-fe63869e7cd0;15200;0;-1;-1;0;0;0;330;0;0.000000;0;0;0;320;1;-89;Wide;1,;0,;1.000000;24.000000;654,521,472,218,220,;1;0;0;Unlocked;0;1;0;1
00000000002175318645;2020-12-24;07:01:35;270714669140;-1;MediaTransport;-1;Canvas;EPS Canvas;6c8495a2-6aff-43a6-a5d5-fe63869e7cd0;15200;1;7626;7641;0;0;0;330;0;0.000000;0;0;0;320;1;-80;Wide;1,;0,;1.000000;24.000000;654,521,472,218,220,;0;0;0;Unlocked;0;0;0;1
00000000002175318672;2020-12-24;07:01:35;270714669407;-1;MediaTransport;-1;Canvas;EPS Canvas;6c8495a2-6aff-43a6-a5d5-fe63869e7cd0;15200;1;7626;7641;0;0;0;330;0;0.000000;0;0;0;320;1;-80;Wide;1,;0,;1.000000;24.000000;654,521,472,218,220,;0;0;0;Unlocked;0;0;0;1
00000000002175448404;2020-12-24;07:29:14;272374286807;-1;Print;583;Canvas;EPS Canvas;6c8495a2-6aff-43a6-a5d5-fe63869e7cd0;13700;0;-1;-1;0;0;0;330;0;0.000000;0;0;0;320;1;-80;Wide;1,;0,;1.000000;24.000000;665,562,520,246,257,;1;0;0;Unlocked;0;1;0;1
00000000002176206413;2020-12-24;07:41:40;273119967864;-1;MediaTransport;-1;Canvas;EPS Canvas;6c8495a2-6aff-43a6-a5d5-fe63869e7cd0;13700;1;6836;6871;0;0;0;330;0;0.000000;0;0;0;320;1;58;Wide;1,;0,;1.000000;24.000000;665,562,520,246,257,;0;0;0;Unlocked;0;0;0;1
00000000002176206440;2020-12-24;07:41:40;273119968115;-1;MediaTransport;-1;Canvas;EPS Canvas;6c8495a2-6aff-43a6-a5d5-fe63869e7cd0;13700;1;6836;6871;0;0;0;330;0;0.000000;0;0;0;320;1;58;Wide;1,;0,;1.000000;24.000000;665,562,520,246,257,;0;0;0;Unlocked;0;0;0;1
00000000002176291766;2020-12-24;07:57:33;274073159785;-1;Print;584;Canvas;EPS Canvas;6c8495a2-6aff-43a6-a5d5-fe63869e7cd0;13700;0;-1;-1;0;0;0;330;0;0.000000;0;0;0;320;1;58;Wide;1,;0,;1.000000;24.000000;665,562,520,246,257,;1;0;0;Unlocked;0;1;0;1
00000000002176688168;2020-12-24;08:04:42;274501917485;-1;MediaTransport;-1;Canvas;EPS Canvas;6c8495a2-6aff-43a6-a5d5-fe63869e7cd0;13700;1;6837;6870;0;0;0;330;0;0.000000;0;0;0;320;1;45;Wide;1,;0,;1.000000;24.000000;665,562,520,246,257,;0;0;0;Unlocked;0;0;0;1
00000000002176688195;2020-12-24;08:04:42;274501917748;-1;MediaTransport;-1;Canvas;EPS Canvas;6c8495a2-6aff-43a6-a5d5-fe63869e7cd0;13700;1;6837;6870;0;0;0;330;0;0.000000;0;0;0;320;1;45;Wide;1,;0,;1.000000;24.000000;665,562,520,246,257,;0;0;0;Unlocked;0;0;0;1
00000000002176742567;2020-12-24;08:15:43;275162661794;-1;Print;585;Canvas;EPS Canvas;6c8495a2-6aff-43a6-a5d5-fe63869e7cd0;13700;1;6837;6870;0;0;0;330;0;0.000000;0;0;0;320;1;45;Wide;1,;0,;1.000000;24.000000;665,562,520,246,257,;1;0;0;Unlocked;0;1;0;1
00000000002177319975;2020-12-24;08:26:22;275802209751;-1;MediaTransport;-1;Canvas;EPS Canvas;6c8495a2-6aff-43a6-a5d5-fe63869e7cd0;13700;1;6835;6872;0;0;0;330;0;0.000000;0;0;0;320;1;69;Wide;1,;0,;1.000000;24.000000;1000,341,347,350,363,;0;0;0;Unlocked;0;0;0;1
00000000002177320002;2020-12-24;08:26:22;275802210016;-1;MediaTransport;-1;Canvas;EPS Canvas;6c8495a2-6aff-43a6-a5d5-fe63869e7cd0;13700;1;6835;6872;0;0;0;330;0;0.000000;0;0;0;320;1;69;Wide;1,;0,;1.000000;24.000000;1000,341,347,350,363,;0;0;0;Unlocked;0;0;0;1
00000000002177360455;2020-12-24;08:33:57;276257404379;-1;MediaTransport;-1;Canvas;EPS Canvas;6c8495a2-6aff-43a6-a5d5-fe63869e7cd0;15200;0;-1;-1;0;0;0;330;0;0.000000;0;0;0;320;1;69;Wide;1,;0,;1.000000;24.000000;654,521,472,218,220,;0;0;0;Unlocked;0;1;0;1
00000000002177386523;2020-12-24;08:38:28;276527769664;-1;Print;586;Canvas;EPS Canvas;6c8495a2-6aff-43a6-a5d5-fe63869e7cd0;15200;1;7646;7630;0;0;0;330;0;0.000000;0;0;0;320;1;0;Wide;1,;0,;1.000000;24.000000;654,521,472,218,220,;1;0;0;Unlocked;0;0;0;1
00000000002177386548;2020-12-24;08:38:28;276527769916;-1;Print;586;Canvas;EPS Canvas;6c8495a2-6aff-43a6-a5d5-fe63869e7cd0;15200;1;7646;7630;0;0;0;330;0;0.000000;0;0;0;320;1;0;Wide;1,;0,;1.000000;24.000000;654,521,472,218,220,;1;0;0;Unlocked;0;0;0;1
00000000002180799515;2020-12-24;09:21:46;279126012607;-1;Print;587;Canvas;EPS Canvas;6c8495a2-6aff-43a6-a5d5-fe63869e7cd0;15200;1;7646;7630;0;0;0;330;0;0.000000;0;0;0;320;1;-54;Wide;1,;0,;1.000000;24.000000;654,521,472,218,220,;1;0;0;Unlocked;0;0;0;1
00000000002180799540;2020-12-24;09:21:46;279126012852;-1;Print;587;Canvas;EPS Canvas;6c8495a2-6aff-43a6-a5d5-fe63869e7cd0;15200;1;7646;7630;0;0;0;330;0;0.000000;0;0;0;320;1;-54;Wide;1,;0,;1.000000;24.000000;654,521,472,218,220,;1;0;0;Unlocked;0;0;0;1
00000000002182566223;2020-12-24;09:58:35;281334959562;-1;MediaTransport;-1;Canvas;EPS Canvas;6c8495a2-6aff-43a6-a5d5-fe63869e7cd0;15200;1;7646;7630;0;0;0;330;0;0.000000;0;0;0;320;1;-53;Wide;1,;0,;1.000000;24.000000;654,521,472,218,220,;0;0;0;Unlocked;0;0;0;1
00000000002182566250;2020-12-24;09:58:35;281334959838;-1;MediaTransport;-1;Canvas;EPS Canvas;6c8495a2-6aff-43a6-a5d5-fe63869e7cd0;15200;1;7646;7630;0;0;0;330;0;0.000000;0;0;0;320;1;-53;Wide;1,;0,;1.000000;24.000000;654,521,472,218,220,;0;0;0;Unlocked;0;0;0;1
00000000002182613839;2020-12-24;10:06:49;281828973418;-1;Print;588;Canvas;EPS Canvas;6c8495a2-6aff-43a6-a5d5-fe63869e7cd0;15200;0;-1;-1;0;0;0;330;0;0.000000;0;0;0;320;1;-53;Wide;1,;0,;1.000000;24.000000;654,521,472,218,220,;1;0;0;Unlocked;0;1;0;1
00000000002183781580;2020-12-24;10:25:47;282967169224;-1;MediaTransport;-1;Canvas;EPS Canvas;6c8495a2-6aff-43a6-a5d5-fe63869e7cd0;15200;1;7635;7629;0;0;0;330;0;0.000000;0;0;0;320;1;28;Wide;1,;0,;1.000000;24.000000;654,521,472,218,220,;0;0;0;Unlocked;0;0;0;1
00000000002183781612;2020-12-24;10:25:47;282967169511;-1;MediaTransport;-1;Canvas;EPS Canvas;6c8495a2-6aff-43a6-a5d5-fe63869e7cd0;15200;1;7635;7629;0;0;0;330;0;0.000000;0;0;0;320;1;28;Wide;1,;0,;1.000000;24.000000;654,521,472,218,220,;0;0;0;Unlocked;0;0;0;1
00000000002183813346;2020-12-24;10:31:47;283326493773;-1;Print;589;Canvas;EPS Canvas;6c8495a2-6aff-43a6-a5d5-fe63869e7cd0;15200;1;7635;7629;0;0;0;330;0;0.000000;0;0;0;320;1;28;Wide;1,;0,;1.000000;24.000000;654,521,472,218,220,;1;0;0;Unlocked;0;1;0;1
00000000002186810752;2020-12-24;11:18:19;286118654000;-1;MediaTransport;-1;Canvas;EPS Canvas;6c8495a2-6aff-43a6-a5d5-fe63869e7cd0;15200;1;7629;7635;0;0;0;330;0;0.000000;0;0;0;320;1;22;Wide;1,;0,;1.000000;24.000000;654,521,472,218,220,;0;0;0;Unlocked;0;0;0;1
00000000002186810779;2020-12-24;11:18:19;286118654261;-1;MediaTransport;-1;Canvas;EPS Canvas;6c8495a2-6aff-43a6-a5d5-fe63869e7cd0;15200;1;7629;7635;0;0;0;330;0;0.000000;0;0;0;320;1;22;Wide;1,;0,;1.000000;24.000000;654,521,472,218,220,;0;0;0;Unlocked;0;0;0;1
00000000002186999252;2020-12-24;11:57:17;288457063191;-1;Print;590;Canvas;EPS Canvas;6c8495a2-6aff-43a6-a5d5-fe63869e7cd0;15200;0;-1;-1;0;0;0;330;0;0.000000;0;0;0;320;1;22;Wide;1,;0,;1.000000;24.000000;654,521,472,218,220,;1;0;0;Unlocked;0;1;0;1
00000000002191418989;2020-12-24;12:59:26;292185589505;-1;MediaTransport;-1;Canvas;EPS Canvas;6c8495a2-6aff-43a6-a5d5-fe63869e7cd0;15200;1;7621;7661;0;0;0;330;0;0.000000;0;0;0;320;1;-44;Wide;1,;0,;1.000000;24.000000;654,521,472,218,220,;0;0;0;Unlocked;0;0;0;1
00000000002191419016;2020-12-24;12:59:26;292185589818;-1;MediaTransport;-1;Canvas;EPS Canvas;6c8495a2-6aff-43a6-a5d5-fe63869e7cd0;15200;1;7621;7661;0;0;0;330;0;0.000000;0;0;0;320;1;-44;Wide;1,;0,;1.000000;24.000000;654,521,472,218,220,;0;0;0;Unlocked;0;0;0;1
00000000002191519618;2020-12-24;13:19:45;293404898176;-1;Print;591;Canvas;EPS Canvas;6c8495a2-6aff-43a6-a5d5-fe63869e7cd0;15200;0;-1;-1;0;0;0;330;0;0.000000;0;0;0;320;1;-44;Wide;1,;0,;1.000000;24.000000;654,521,472,218,220,;1;0;0;Unlocked;0;1;0;1
00000000002210883735;2020-12-28;19:41:37;661907857267;-1;MediaTransport;-1;Canvas;EPS Canvas;6c8495a2-6aff-43a6-a5d5-fe63869e7cd0;15200;1;7615;7639;0;0;0;330;0;0.000000;0;0;0;320;1;-15;Wide;1,;0,;1.000000;24.000000;654,521,472,218,220,;0;0;0;Unlocked;0;0;0;1
00000000002210883762;2020-12-28;19:41:37;661907857533;-1;MediaTransport;-1;Canvas;EPS Canvas;6c8495a2-6aff-43a6-a5d5-fe63869e7cd0;15200;1;7615;7639;0;0;0;330;0;0.000000;0;0;0;320;1;-15;Wide;1,;0,;1.000000;24.000000;654,521,472,218,220,;0;0;0;Unlocked;0;0;0;1
00000000002210956357;2020-12-28;19:55:07;662718210350;-1;MediaTransport;-1;Canvas;EPS Canvas;6c8495a2-6aff-43a6-a5d5-fe63869e7cd0;15200;0;-1;-1;0;0;0;330;0;0.000000;0;0;0;320;1;-15;Wide;1,;0,;1.000000;24.000000;654,521,472,218,220,;0;0;0;Unlocked;0;1;0;1
00000000002210977169;2020-12-28;19:58:24;662914410951;-1;Print;592;Canvas;EPS Canvas;6c8495a2-6aff-43a6-a5d5-fe63869e7cd0;15200;1;7667;7577;0;0;0;330;0;0.000000;0;0;0;320;1;0;Wide;1,;0,;1.000000;24.000000;654,521,472,218,220,;1;0;0;Unlocked;0;0;0;1
00000000002210977194;2020-12-28;19:58:24;662914411237;-1;Print;592;Canvas;EPS Canvas;6c8495a2-6aff-43a6-a5d5-fe63869e7cd0;15200;1;7667;7577;0;0;0;330;0;0.000000;0;0;0;320;1;0;Wide;1,;0,;1.000000;24.000000;654,521,472,218,220,;1;0;0;Unlocked;0;0;0;1
00000000002211570283;2020-12-28;20:06:46;663416828107;-1;MediaTransport;-1;Canvas;EPS Canvas;6c8495a2-6aff-43a6-a5d5-fe63869e7cd0;15200;1;7667;7577;0;0;0;330;0;0.000000;0;0;0;320;1;30;Wide;1,;0,;1.000000;24.000000;654,521,472,218,220,;0;0;0;Unlocked;0;0;0;1
00000000002211570310;2020-12-28;20:06:46;663416828355;-1;MediaTransport;-1;Canvas;EPS Canvas;6c8495a2-6aff-43a6-a5d5-fe63869e7cd0;15200;1;7667;7577;0;0;0;330;0;0.000000;0;0;0;320;1;30;Wide;1,;0,;1.000000;24.000000;654,521,472,218,220,;0;0;0;Unlocked;0;0;0;1
00000000002211600096;2020-12-28;20:11:59;663730049218;-1;Print;593;Canvas;EPS Canvas;6c8495a2-6aff-43a6-a5d5-fe63869e7cd0;15200;0;-1;-1;0;0;0;330;0;0.000000;0;0;0;320;1;30;Wide;1,;0,;1.000000;24.000000;654,521,472,218,220,;1;0;0;Unlocked;0;1;0;1
00000000002213137330;2020-12-28;20:34:24;665074644424;-1;MediaTransport;-1;Canvas;EPS Canvas;6c8495a2-6aff-43a6-a5d5-fe63869e7cd0;15200;1;7676;7578;0;0;0;330;0;0.000000;0;0;0;320;1;-7;Wide;1,;0,;1.000000;24.000000;654,521,472,218,220,;0;0;0;Unlocked;0;0;0;1
00000000002213137357;2020-12-28;20:34:24;665074644692;-1;MediaTransport;-1;Canvas;EPS Canvas;6c8495a2-6aff-43a6-a5d5-fe63869e7cd0;15200;1;7676;7578;0;0;0;330;0;0.000000;0;0;0;320;1;-7;Wide;1,;0,;1.000000;24.000000;654,521,472,218,220,;0;0;0;Unlocked;0;0;0;1
00000000002213241434;2020-12-28;20:55:19;666329346498;-1;Print;594;Canvas;EPS Canvas;6c8495a2-6aff-43a6-a5d5-fe63869e7cd0;15200;0;-1;-1;0;0;0;330;0;0.000000;0;0;0;320;1;-7;Wide;1,;0,;1.000000;24.000000;654,521,472,218,220,;1;0;0;Unlocked;0;1;0;1
00000000002218392843;2020-12-28;22:02:55;670385842607;-1;MediaTransport;-1;Canvas;EPS Canvas;6c8495a2-6aff-43a6-a5d5-fe63869e7cd0;15200;1;7681;7603;0;0;0;330;0;0.000000;0;0;0;320;1;-49;Wide;1,;0,;1.000000;24.000000;654,521,472,218,220,;0;0;0;Unlocked;0;0;0;1
00000000002218392870;2020-12-28;22:02:55;670385842871;-1;MediaTransport;-1;Canvas;EPS Canvas;6c8495a2-6aff-43a6-a5d5-fe63869e7cd0;15200;1;7681;7603;0;0;0;330;0;0.000000;0;0;0;320;1;-49;Wide;1,;0,;1.000000;24.000000;654,521,472,218,220,;0;0;0;Unlocked;0;0;0;1
00000000002218454536;2020-12-28;22:15:30;671140131995;-1;Print;595;Canvas;EPS Canvas;6c8495a2-6aff-43a6-a5d5-fe63869e7cd0;15200;0;-1;-1;0;0;0;330;0;0.000000;0;0;0;320;1;-49;Wide;1,;0,;1.000000;24.000000;654,521,472,218,220,;1;0;0;Unlocked;0;1;0;1
00000000002223513390;2020-12-28;23:24:24;675274821909;-1;MediaTransport;-1;Canvas;EPS Canvas;6c8495a2-6aff-43a6-a5d5-fe63869e7cd0;15200;1;7651;7635;0;0;0;330;0;0.000000;0;0;0;320;1;-14;Wide;1,;0,;1.000000;24.000000;654,521,472,218,220,;0;0;0;Unlocked;0;0;0;1
00000000002223513417;2020-12-28;23:24:24;675274822170;-1;MediaTransport;-1;Canvas;EPS Canvas;6c8495a2-6aff-43a6-a5d5-fe63869e7cd0;15200;1;7651;7635;0;0;0;330;0;0.000000;0;0;0;320;1;-14;Wide;1,;0,;1.000000;24.000000;654,521,472,218,220,;0;0;0;Unlocked;0;0;0;1
00000000002223537176;2020-12-28;23:28:01;675491452357;-1;Print;596;Canvas;EPS Canvas;6c8495a2-6aff-43a6-a5d5-fe63869e7cd0;15200;0;-1;-1;0;0;0;330;0;0.000000;0;0;0;320;1;-14;Wide;1,;0,;1.000000;24.000000;654,521,472,218,220,;1;0;0;Unlocked;0;1;0;1
00000000002228873550;2020-12-29;00:48:08;680298808642;-1;MediaTransport;-1;Canvas;EPS Canvas;6c8495a2-6aff-43a6-a5d5-fe63869e7cd0;15200;1;7661;7589;0;0;0;330;0;0.000000;0;0;0;320;1;-5;Wide;1,;0,;1.000000;24.000000;654,521,472,218,220,;0;0;0;Unlocked;0;0;0;1
00000000002228873577;2020-12-29;00:48:08;680298808917;-1;MediaTransport;-1;Canvas;EPS Canvas;6c8495a2-6aff-43a6-a5d5-fe63869e7cd0;15200;1;7661;7589;0;0;0;330;0;0.000000;0;0;0;320;1;-5;Wide;1,;0,;1.000000;24.000000;654,521,472,218,220,;0;0;0;Unlocked;0;0;0;1
00000000002228922087;2020-12-29;00:55:35;680745281091;-1;Print;597;Canvas;EPS Canvas;6c8495a2-6aff-43a6-a5d5-fe63869e7cd0;15200;0;-1;-1;0;0;0;330;0;0.000000;0;0;0;320;1;-5;Wide;1,;0,;1.000000;24.000000;654,521,472,218,220,;1;0;0;Unlocked;0;1;0;1
00000000002231874626;2020-12-29;01:36:13;683183328894;-1;MediaTransport;-1;Canvas;EPS Canvas;6c8495a2-6aff-43a6-a5d5-fe63869e7cd0;15200;1;7689;7570;0;0;0;330;0;0.000000;0;0;0;320;1;-47;Wide;1,;0,;1.000000;24.000000;654,521,472,218,220,;0;0;0;Unlocked;0;0;0;1
00000000002231874653;2020-12-29;01:36:13;683183329181;-1;MediaTransport;-1;Canvas;EPS Canvas;6c8495a2-6aff-43a6-a5d5-fe63869e7cd0;15200;1;7689;7570;0;0;0;330;0;0.000000;0;0;0;320;1;-47;Wide;1,;0,;1.000000;24.000000;654,521,472,218,220,;0;0;0;Unlocked;0;0;0;1
00000000002231907600;2020-12-29;01:42:01;683531704187;-1;MediaTransport;-1;Canvas;EPS Canvas;6c8495a2-6aff-43a6-a5d5-fe63869e7cd0;15200;0;-1;-1;0;0;0;330;0;0.000000;0;0;0;320;1;-47;Wide;1,;0,;1.000000;24.000000;654,521,472,218,220,;0;0;0;Unlocked;0;1;0;1
00000000002231920507;2020-12-29;01:43:20;683609927958;-1;MediaTransport;-1;Canvas;EPS Canvas;6c8495a2-6aff-43a6-a5d5-fe63869e7cd0;15200;1;7636;7627;0;0;0;330;0;0.000000;0;0;0;320;1;0;Wide;1,;0,;1.000000;24.000000;654,521,472,218,220,;0;0;0;Unlocked;0;0;0;1
00000000002231920534;2020-12-29;01:43:20;683609928222;-1;MediaTransport;-1;Canvas;EPS Canvas;6c8495a2-6aff-43a6-a5d5-fe63869e7cd0;15200;1;7636;7627;0;0;0;330;0;0.000000;0;0;0;320;1;0;Wide;1,;0,;1.000000;24.000000;654,521,472,218,220,;0;0;0;Unlocked;0;0;0;1
00000000002231930184;2020-12-29;01:44:07;683657320809;-1;MediaTransport;-1;Canvas;EPS Canvas;6c8495a2-6aff-43a6-a5d5-fe63869e7cd0;15200;1;7636;7627;0;0;0;330;0;0.000000;0;0;0;320;1;0;Wide;1,;0,;1.000000;24.000000;654,521,472,218,220,;0;0;0;Unlocked;0;0;0;1
00000000002231930211;2020-12-29;01:44:07;683657321070;-1;MediaTransport;-1;Canvas;EPS Canvas;6c8495a2-6aff-43a6-a5d5-fe63869e7cd0;15200;1;7636;7627;0;0;0;330;0;0.000000;0;0;0;320;1;0;Wide;1,;0,;1.000000;24.000000;654,521,472,218,220,;0;0;0;Unlocked;0;0;0;1
00000000002231939471;2020-12-29;01:45:45;683755781757;-1;MediaTransport;-1;Canvas;EPS Canvas;6c8495a2-6aff-43a6-a5d5-fe63869e7cd0;15200;1;7636;7627;0;0;0;330;0;0.000000;0;0;0;320;1;0;Wide;1,;0,;1.000000;24.000000;654,521,472,218,220,;0;0;0;Unlocked;0;0;0;1
00000000002231939498;2020-12-29;01:45:45;683755782012;-1;MediaTransport;-1;Canvas;EPS Canvas;6c8495a2-6aff-43a6-a5d5-fe63869e7cd0;15200;1;7636;7627;0;0;0;330;0;0.000000;0;0;0;320;1;0;Wide;1,;0,;1.000000;24.000000;654,521,472,218,220,;0;0;0;Unlocked;0;0;0;1
00000000002231950710;2020-12-29;01:47:59;683889492882;-1;Print;598;Canvas;EPS Canvas;6c8495a2-6aff-43a6-a5d5-fe63869e7cd0;15200;1;7636;7627;0;0;0;330;0;0.000000;0;0;0;320;1;0;Wide;1,;0,;1.000000;24.000000;654,521,472,218,220,;1;0;0;Unlocked;0;0;0;1
00000000002231950735;2020-12-29;01:47:59;683889493136;-1;Print;598;Canvas;EPS Canvas;6c8495a2-6aff-43a6-a5d5-fe63869e7cd0;15200;1;7636;7627;0;0;0;330;0;0.000000;0;0;0;320;1;0;Wide;1,;0,;1.000000;24.000000;654,521,472,218,220,;1;0;0;Unlocked;0;0;0;1
00000000002232187464;2020-12-29;01:51:45;684114939430;-1;MediaTransport;-1;Canvas;EPS Canvas;6c8495a2-6aff-43a6-a5d5-fe63869e7cd0;15200;1;7636;7627;0;0;0;330;0;0.000000;0;0;0;320;1;-23;Wide;1,;0,;1.000000;24.000000;654,521,472,218,220,;0;0;0;Unlocked;0;0;0;1
00000000002232187491;2020-12-29;01:51:45;684114939688;-1;MediaTransport;-1;Canvas;EPS Canvas;6c8495a2-6aff-43a6-a5d5-fe63869e7cd0;15200;1;7636;7627;0;0;0;330;0;0.000000;0;0;0;320;1;-23;Wide;1,;0,;1.000000;24.000000;654,521,472,218,220,;0;0;0;Unlocked;0;0;0;1
00000000002232212726;2020-12-29;01:55:29;684338956856;-1;Print;599;Canvas;EPS Canvas;6c8495a2-6aff-43a6-a5d5-fe63869e7cd0;15200;0;-1;-1;0;0;0;330;0;0.000000;0;0;0;320;1;-23;Wide;1,;0,;1.000000;24.000000;654,521,472,218,220,;1;0;0;Unlocked;0;1;0;1
00000000002235382105;2020-12-29;02:40:06;687016084568;-1;MediaTransport;-1;Canvas;EPS Canvas;6c8495a2-6aff-43a6-a5d5-fe63869e7cd0;15200;1;7631;7634;0;0;0;330;0;0.000000;0;0;0;320;1;-69;Wide;1,;0,;1.000000;24.000000;654,521,472,218,220,;0;0;0;Unlocked;0;0;0;1
00000000002235382132;2020-12-29;02:40:06;687016084844;-1;MediaTransport;-1;Canvas;EPS Canvas;6c8495a2-6aff-43a6-a5d5-fe63869e7cd0;15200;1;7631;7634;0;0;0;330;0;0.000000;0;0;0;320;1;-69;Wide;1,;0,;1.000000;24.000000;654,521,472,218,220,;0;0;0;Unlocked;0;0;0;1
00000000002235414007;2020-12-29;02:45:00;687309778204;-1;MediaTransport;-1;Canvas;EPS Canvas;6c8495a2-6aff-43a6-a5d5-fe63869e7cd0;15200;0;-1;-1;0;0;0;330;0;0.000000;0;0;0;320;1;-69;Wide;1,;0,;1.000000;24.000000;654,521,472,218,220,;0;0;0;Unlocked;0;1;0;1
00000000002235873202;2020-12-29;04:23:01;693191371929;-1;Print;600;Canvas;EPS Canvas;6c8495a2-6aff-43a6-a5d5-fe63869e7cd0;15200;1;7639;7604;0;0;0;330;0;0.000000;0;0;0;320;1;0;Wide;1,;0,;1.000000;24.000000;654,521,472,218,220,;1;0;0;Unlocked;0;0;0;1
00000000002235873234;2020-12-29;04:23:01;693191372245;-1;Print;600;Canvas;EPS Canvas;6c8495a2-6aff-43a6-a5d5-fe63869e7cd0;15200;1;7639;7604;0;0;0;330;0;0.000000;0;0;0;320;1;0;Wide;1,;0,;1.000000;24.000000;654,521,472,218,220,;1;0;0;Unlocked;0;0;0;1
00000000002241012538;2020-12-29;05:33:41;697431344338;-1;MediaTransport;-1;Canvas;EPS Canvas;6c8495a2-6aff-43a6-a5d5-fe63869e7cd0;15200;1;7639;7604;0;0;0;330;0;0.000000;0;0;0;320;1;-45;Wide;1,;0,;1.000000;24.000000;654,521,472,218,220,;0;0;0;Unlocked;0;0;0;1
00000000002241012565;2020-12-29;05:33:41;697431344607;-1;MediaTransport;-1;Canvas;EPS Canvas;6c8495a2-6aff-43a6-a5d5-fe63869e7cd0;15200;1;7639;7604;0;0;0;330;0;0.000000;0;0;0;320;1;-45;Wide;1,;0,;1.000000;24.000000;654,521,472,218,220,;0;0;0;Unlocked;0;0;0;1
00000000002241448234;2020-12-29;06:17:59;700089257554;-1;Calibrate;601;Heavy paper > 200gsm;ESP SATIN 170gsm;b51f7a5e-5566-42d9-872e-4604155aa9be;13000;0;-1;-1;0;0;0;210;0;0.000000;0;0;0;320;1;-45;Wide;1,;0,;1.000000;24.000000;619,710,771,615,659,;0;0;0;Unlocked;0;1;0;1
00000000002241477300;2020-12-29;06:20:10;700219834191;-1;Calibrate;602;Heavy paper > 200gsm;ESP SATIN 170gsm;b51f7a5e-5566-42d9-872e-4604155aa9be;13000;1;6482;6509;0;0;0;210;0;0.000000;0;0;0;320;1;0;Wide;1,;0,;1.000000;24.000000;619,710,771,615,659,;0;0;0;Unlocked;0;0;0;1
00000000002241477329;2020-12-29;06:20:10;700219834498;-1;Calibrate;602;Heavy paper > 200gsm;ESP SATIN 170gsm;b51f7a5e-5566-42d9-872e-4604155aa9be;13000;1;6482;6509;0;0;0;210;0;0.000000;0;0;0;320;1;0;Wide;1,;0,;1.000000;24.000000;619,710,771,615,659,;0;0;0;Unlocked;0;0;0;1
00000000002241537292;2020-12-29;06:21:41;700311076073;-1;Calibrate;603;Heavy paper > 200gsm;ESP SATIN 170gsm;b51f7a5e-5566-42d9-872e-4604155aa9be;13000;1;6482;6509;0;0;0;210;0;0.000000;0;0;0;320;1;0;Wide;1,;0,;1.000000;24.000000;619,710,771,615,659,;0;0;0;Unlocked;0;0;0;1
00000000002241537321;2020-12-29;06:21:41;700311076345;-1;Calibrate;603;Heavy paper > 200gsm;ESP SATIN 170gsm;b51f7a5e-5566-42d9-872e-4604155aa9be;13000;1;6482;6509;0;0;0;210;0;0.000000;0;0;0;320;1;0;Wide;1,;0,;1.000000;24.000000;619,710,771,615,659,;0;0;0;Unlocked;0;0;0;1
00000000002242983606;2020-12-29;06:56:33;702403302887;-1;Calibrate;604;Heavy paper > 200gsm;ESP SATIN 170gsm;b51f7a5e-5566-42d9-872e-4604155aa9be;13000;1;6482;6509;0;0;0;210;0;0.000000;0;0;0;320;1;0;Wide;1,;0,;1.000000;24.000000;619,710,771,615,659,;0;0;0;Unlocked;0;0;0;1
00000000002242983635;2020-12-29;06:56:33;702403303193;-1;Calibrate;604;Heavy paper > 200gsm;ESP SATIN 170gsm;b51f7a5e-5566-42d9-872e-4604155aa9be;13000;1;6482;6509;0;0;0;210;0;0.000000;0;0;0;320;1;0;Wide;1,;0,;1.000000;24.000000;619,710,771,615,659,;0;0;0;Unlocked;0;0;0;1
00000000002243061396;2020-12-29;06:59:18;702568064765;-1;Calibrate;605;Heavy paper > 200gsm;ESP SATIN 170gsm;b51f7a5e-5566-42d9-872e-4604155aa9be;13000;1;6482;6509;0;0;0;210;0;0.000000;0;0;0;320;1;0;Wide;1,;0,;1.000000;24.000000;619,710,771,615,659,;0;0;0;Unlocked;0;0;0;1
00000000002243061437;2020-12-29;06:59:18;702568065030;-1;Calibrate;605;Heavy paper > 200gsm;ESP SATIN 170gsm;b51f7a5e-5566-42d9-872e-4604155aa9be;13000;1;6482;6509;0;0;0;210;0;0.000000;0;0;0;320;1;0;Wide;1,;0,;1.000000;24.000000;619,710,771,615,659,;0;0;0;Unlocked;0;0;0;1
00000000002243088968;2020-12-29;07:00:25;702635315219;-1;MediaTransport;-1;Heavy paper > 200gsm;ESP SATIN 170gsm;b51f7a5e-5566-42d9-872e-4604155aa9be;13000;1;6482;6509;0;0;0;210;0;0.000000;0;0;0;320;1;0;Wide;1,;0,;1.000000;24.000000;619,710,771,615,659,;0;0;0;Unlocked;0;0;0;1
00000000002243088995;2020-12-29;07:00:25;702635315533;-1;MediaTransport;-1;Heavy paper > 200gsm;ESP SATIN 170gsm;b51f7a5e-5566-42d9-872e-4604155aa9be;13000;1;6482;6509;0;0;0;210;0;0.000000;0;0;0;320;1;0;Wide;1,;0,;1.000000;24.000000;619,710,771,615,659,;0;0;0;Unlocked;0;0;0;1
00000000002243115577;2020-12-29;07:04:50;702900338834;-1;Print;606;Canvas;EPS Canvas;6c8495a2-6aff-43a6-a5d5-fe63869e7cd0;15200;0;-1;-1;0;0;0;330;0;0.000000;0;0;0;320;1;0;Wide;1,;0,;1.000000;24.000000;654,521,472,218,220,;1;0;0;Unlocked;0;1;0;1
00000000002248073983;2020-12-29;08:15:10;707120024327;-1;MediaTransport;-1;Canvas;EPS Canvas;6c8495a2-6aff-43a6-a5d5-fe63869e7cd0;15200;1;7641;7607;0;0;0;330;0;0.000000;0;0;0;320;1;-4;Wide;1,;0,;1.000000;24.000000;654,521,472,218,220,;0;0;0;Unlocked;0;0;0;1
00000000002248074010;2020-12-29;08:15:10;707120024582;-1;MediaTransport;-1;Canvas;EPS Canvas;6c8495a2-6aff-43a6-a5d5-fe63869e7cd0;15200;1;7641;7607;0;0;0;330;0;0.000000;0;0;0;320;1;-4;Wide;1,;0,;1.000000;24.000000;654,521,472,218,220,;0;0;0;Unlocked;0;0;0;1
00000000002248109932;2020-12-29;08:21:34;707503297651;-1;Print;607;Canvas;EPS Canvas;6c8495a2-6aff-43a6-a5d5-fe63869e7cd0;15200;0;-1;-1;0;0;0;330;0;0.000000;0;0;0;320;1;-4;Wide;1,;0,;1.000000;24.000000;654,521,472,218,220,;1;0;0;Unlocked;0;1;0;1
00000000002249799022;2020-12-29;08:50:08;709217997732;-1;MediaTransport;-1;Canvas;EPS Canvas;6c8495a2-6aff-43a6-a5d5-fe63869e7cd0;15200;1;7672;7600;0;0;0;330;0;0.000000;0;0;0;320;1;14;Wide;1,;0,;1.000000;24.000000;654,521,472,218,220,;0;0;0;Unlocked;0;0;0;1
00000000002249799049;2020-12-29;08:50:08;709217997990;-1;MediaTransport;-1;Canvas;EPS Canvas;6c8495a2-6aff-43a6-a5d5-fe63869e7cd0;15200;1;7672;7600;0;0;0;330;0;0.000000;0;0;0;320;1;14;Wide;1,;0,;1.000000;24.000000;654,521,472,218,220,;0;0;0;Unlocked;0;0;0;1
00000000002249826760;2020-12-29;08:54:45;709495146006;-1;MediaTransport;-1;Canvas;EPS Canvas;6c8495a2-6aff-43a6-a5d5-fe63869e7cd0;15200;1;7672;7600;0;0;0;330;0;0.000000;0;0;0;320;1;14;Wide;1,;0,;1.000000;24.000000;654,521,472,218,220,;0;0;0;Unlocked;0;1;0;1
00000000002249841373;2020-12-29;08:56:42;709611280526;-1;Print;608;Canvas;EPS Canvas;6c8495a2-6aff-43a6-a5d5-fe63869e7cd0;15200;1;7673;7599;0;0;0;330;0;0.000000;0;0;0;320;1;14;Wide;1,;0,;1.000000;24.000000;654,521,472,218,220,;1;0;0;Unlocked;0;0;0;1
00000000002249841398;2020-12-29;08:56:42;709611281010;-1;Print;608;Canvas;EPS Canvas;6c8495a2-6aff-43a6-a5d5-fe63869e7cd0;15200;1;7673;7599;0;0;0;330;0;0.000000;0;0;0;320;1;14;Wide;1,;0,;1.000000;24.000000;654,521,472,218,220,;1;0;0;Unlocked;0;0;0;1
00000000002251934007;2020-12-29;09:25:08;711317752652;-1;MediaTransport;-1;Canvas;EPS Canvas;6c8495a2-6aff-43a6-a5d5-fe63869e7cd0;15200;1;7673;7599;0;0;0;330;0;0.000000;0;0;0;320;1;11;Wide;1,;0,;1.000000;24.000000;654,521,472,218,220,;0;0;0;Unlocked;0;0;0;1
00000000002251934034;2020-12-29;09:25:08;711317752911;-1;MediaTransport;-1;Canvas;EPS Canvas;6c8495a2-6aff-43a6-a5d5-fe63869e7cd0;15200;1;7673;7599;0;0;0;330;0;0.000000;0;0;0;320;1;11;Wide;1,;0,;1.000000;24.000000;654,521,472,218,220,;0;0;0;Unlocked;0;0;0;1
00000000002251961212;2020-12-29;09:29:39;711588465953;-1;MediaTransport;-1;Canvas;EPS Canvas;6c8495a2-6aff-43a6-a5d5-fe63869e7cd0;15200;0;-1;-1;0;0;0;330;0;0.000000;0;0;0;320;1;11;Wide;1,;0,;1.000000;24.000000;654,521,472,218,220,;0;0;0;Unlocked;0;1;0;1
00000000002251976680;2020-12-29;09:31:37;711706538297;-1;Print;609;Canvas;EPS Canvas;6c8495a2-6aff-43a6-a5d5-fe63869e7cd0;15200;1;7659;7594;0;0;0;330;0;0.000000;0;0;0;320;1;0;Wide;1,;0,;1.000000;24.000000;654,521,472,218,220,;1;0;0;Unlocked;0;0;0;1
00000000002251976705;2020-12-29;09:31:37;711706538598;-1;Print;609;Canvas;EPS Canvas;6c8495a2-6aff-43a6-a5d5-fe63869e7cd0;15200;1;7659;7594;0;0;0;330;0;0.000000;0;0;0;320;1;0;Wide;1,;0,;1.000000;24.000000;654,521,472,218,220,;1;0;0;Unlocked;0;0;0;1
00000000002256831127;2020-12-29;10:36:26;715595254999;-1;MediaTransport;-1;Canvas;EPS Canvas;6c8495a2-6aff-43a6-a5d5-fe63869e7cd0;15200;1;7659;7594;0;0;0;330;0;0.000000;0;0;0;320;1;7;Wide;1,;0,;1.000000;24.000000;654,521,472,218,220,;0;0;0;Unlocked;0;0;0;1
00000000002256831154;2020-12-29;10:36:26;715595255256;-1;MediaTransport;-1;Canvas;EPS Canvas;6c8495a2-6aff-43a6-a5d5-fe63869e7cd0;15200;1;7659;7594;0;0;0;330;0;0.000000;0;0;0;320;1;7;Wide;1,;0,;1.000000;24.000000;654,521,472,218,220,;0;0;0;Unlocked;0;0;0;1
00000000002256879764;2020-12-29;10:45:50;716159233806;-1;MediaTransport;-1;Canvas;EPS Canvas;6c8495a2-6aff-43a6-a5d5-fe63869e7cd0;15200;0;-1;-1;0;0;0;330;0;0.000000;0;0;0;320;1;7;Wide;1,;0,;1.000000;24.000000;654,521,472,218,220,;0;0;0;Unlocked;0;1;0;1
00000000002256895881;2020-12-29;10:48:00;716289140914;-1;Print;610;Canvas;EPS Canvas;6c8495a2-6aff-43a6-a5d5-fe63869e7cd0;15200;1;7642;7602;0;0;0;330;0;0.000000;0;0;0;320;1;0;Wide;1,;0,;1.000000;24.000000;654,521,472,218,220,;1;0;0;Unlocked;0;0;0;1
00000000002256895906;2020-12-29;10:48:00;716289141165;-1;Print;610;Canvas;EPS Canvas;6c8495a2-6aff-43a6-a5d5-fe63869e7cd0;15200;1;7642;7602;0;0;0;330;0;0.000000;0;0;0;320;1;0;Wide;1,;0,;1.000000;24.000000;654,521,472,218,220,;1;0;0;Unlocked;0;0;0;1
00000000002258035283;2020-12-29;11:04:05;717254836641;-1;MediaTransport;-1;Canvas;EPS Canvas;6c8495a2-6aff-43a6-a5d5-fe63869e7cd0;15200;1;7642;7602;0;0;0;330;0;0.000000;0;0;0;320;1;88;Wide;1,;0,;1.000000;24.000000;654,521,472,218,220,;0;0;0;Unlocked;0;0;0;1
00000000002258035310;2020-12-29;11:04:05;717254836928;-1;MediaTransport;-1;Canvas;EPS Canvas;6c8495a2-6aff-43a6-a5d5-fe63869e7cd0;15200;1;7642;7602;0;0;0;330;0;0.000000;0;0;0;320;1;88;Wide;1,;0,;1.000000;24.000000;654,521,472,218,220,;0;0;0;Unlocked;0;0;0;1
00000000002258067574;2020-12-29;11:09:45;717594349581;-1;Print;611;Canvas;EPS Canvas;6c8495a2-6aff-43a6-a5d5-fe63869e7cd0;15200;0;-1;-1;0;0;0;330;0;0.000000;0;0;0;320;1;88;Wide;1,;0,;1.000000;24.000000;654,521,472,218,220,;1;0;0;Unlocked;0;1;0;1
00000000002263075131;2020-12-29;12:20:28;721837002699;-1;MediaTransport;-1;Canvas;EPS Canvas;6c8495a2-6aff-43a6-a5d5-fe63869e7cd0;15200;1;7630;7616;0;0;0;330;0;0.000000;0;0;0;320;1;56;Wide;1,;0,;1.000000;24.000000;654,521,472,218,220,;0;0;0;Unlocked;0;0;0;1
00000000002263075158;2020-12-29;12:20:28;721837002952;-1;MediaTransport;-1;Canvas;EPS Canvas;6c8495a2-6aff-43a6-a5d5-fe63869e7cd0;15200;1;7630;7616;0;0;0;330;0;0.000000;0;0;0;320;1;56;Wide;1,;0,;1.000000;24.000000;654,521,472,218,220,;0;0;0;Unlocked;0;0;0;1
00000000002263098108;2020-12-29;12:24:00;722049705598;-1;Print;612;Canvas;EPS Canvas;6c8495a2-6aff-43a6-a5d5-fe63869e7cd0;15200;0;-1;-1;0;0;0;330;0;0.000000;0;0;0;320;1;56;Wide;1,;0,;1.000000;24.000000;654,521,472,218,220,;1;0;0;Unlocked;0;1;0;1
00000000002264380008;2020-12-29;12:43:18;723207658564;-1;MediaTransport;-1;Canvas;EPS Canvas;6c8495a2-6aff-43a6-a5d5-fe63869e7cd0;15200;1;7626;7639;0;0;0;330;0;0.000000;0;0;0;320;1;-20;Wide;1,;0,;1.000000;24.000000;654,521,472,218,220,;0;0;0;Unlocked;0;0;0;1
00000000002264380035;2020-12-29;12:43:18;723207658841;-1;MediaTransport;-1;Canvas;EPS Canvas;6c8495a2-6aff-43a6-a5d5-fe63869e7cd0;15200;1;7626;7639;0;0;0;330;0;0.000000;0;0;0;320;1;-20;Wide;1,;0,;1.000000;24.000000;654,521,472,218,220,;0;0;0;Unlocked;0;0;0;1
00000000002264405689;2020-12-29;12:47:25;723454131800;-1;Print;613;Canvas;EPS Canvas;6c8495a2-6aff-43a6-a5d5-fe63869e7cd0;15200;0;-1;-1;0;0;0;330;0;0.000000;0;0;0;320;1;-20;Wide;1,;0,;1.000000;24.000000;654,521,472,218,220,;1;0;0;Unlocked;0;1;0;1
00000000002273719059;2020-12-29;14:54:44;731092945767;-1;MediaTransport;-1;Canvas;EPS Canvas;6c8495a2-6aff-43a6-a5d5-fe63869e7cd0;15200;1;7640;7622;0;0;0;330;0;0.000000;0;0;0;320;1;4;Wide;1,;0,;1.000000;24.000000;654,521,472,218,220,;0;0;0;Unlocked;0;0;0;1
00000000002273719086;2020-12-29;14:54:44;731092946024;-1;MediaTransport;-1;Canvas;EPS Canvas;6c8495a2-6aff-43a6-a5d5-fe63869e7cd0;15200;1;7640;7622;0;0;0;330;0;0.000000;0;0;0;320;1;4;Wide;1,;0,;1.000000;24.000000;654,521,472,218,220,;0;0;0;Unlocked;0;0;0;1
00000000002273761425;2020-12-29;15:02:40;731569045398;-1;Print;614;Canvas;EPS Canvas;6c8495a2-6aff-43a6-a5d5-fe63869e7cd0;15200;0;-1;-1;0;0;0;330;0;0.000000;0;0;0;320;1;4;Wide;1,;0,;1.000000;24.000000;654,521,472,218,220,;1;0;0;Unlocked;0;1;0;1
00000000002283553846;2020-12-29;17:31:38;740506960805;-1;MediaTransport;-1;Canvas;EPS Canvas;6c8495a2-6aff-43a6-a5d5-fe63869e7cd0;15200;1;7656;7609;0;0;0;330;0;0.000000;0;0;0;320;1;12;Wide;1,;0,;1.000000;24.000000;654,521,472,218,220,;0;0;0;Unlocked;0;0;0;1
00000000002283553877;2020-12-29;17:31:38;740506961101;-1;MediaTransport;-1;Canvas;EPS Canvas;6c8495a2-6aff-43a6-a5d5-fe63869e7cd0;15200;1;7656;7609;0;0;0;330;0;0.000000;0;0;0;320;1;12;Wide;1,;0,;1.000000;24.000000;654,521,472,218,220,;0;0;0;Unlocked;0;0;0;1
00000000002283574840;2020-12-29;17:34:47;740695879585;-1;Print;615;Canvas;EPS Canvas;6c8495a2-6aff-43a6-a5d5-fe63869e7cd0;15200;0;-1;-1;0;0;0;330;0;0.000000;0;0;0;320;1;12;Wide;1,;0,;1.000000;24.000000;654,521,472,218,220,;1;0;0;Unlocked;0;1;0;1
00000000002284114827;2020-12-29;17:45:47;741355723525;-1;MediaTransport;-1;Canvas;EPS Canvas;6c8495a2-6aff-43a6-a5d5-fe63869e7cd0;15200;1;7651;7603;0;0;0;330;0;0.000000;0;0;0;320;1;45;Wide;1,;0,;1.000000;24.000000;654,521,472,218,220,;0;0;0;Unlocked;0;0;0;1
00000000002284114858;2020-12-29;17:45:47;741355723784;-1;MediaTransport;-1;Canvas;EPS Canvas;6c8495a2-6aff-43a6-a5d5-fe63869e7cd0;15200;1;7651;7603;0;0;0;330;0;0.000000;0;0;0;320;1;45;Wide;1,;0,;1.000000;24.000000;654,521,472,218,220,;0;0;0;Unlocked;0;0;0;1
00000000002284159828;2020-12-29;17:54:01;741849690004;-1;MediaTransport;-1;Canvas;EPS Canvas;6c8495a2-6aff-43a6-a5d5-fe63869e7cd0;15200;0;-1;-1;0;0;0;330;0;0.000000;0;0;0;320;1;45;Wide;1,;0,;1.000000;24.000000;654,521,472,218,220,;0;0;0;Unlocked;0;1;0;1
00000000002284178806;2020-12-29;17:56:49;742018454944;-1;Print;616;Canvas;EPS Canvas;6c8495a2-6aff-43a6-a5d5-fe63869e7cd0;15200;1;7660;7545;0;0;0;330;0;0.000000;0;0;0;320;1;0;Wide;1,;0,;1.000000;24.000000;654,521,472,218,220,;1;0;0;Unlocked;0;0;0;1
00000000002284178831;2020-12-29;17:56:49;742018455207;-1;Print;616;Canvas;EPS Canvas;6c8495a2-6aff-43a6-a5d5-fe63869e7cd0;15200;1;7660;7545;0;0;0;330;0;0.000000;0;0;0;320;1;0;Wide;1,;0,;1.000000;24.000000;654,521,472,218,220,;1;0;0;Unlocked;0;0;0;1
00000000002293907229;2020-12-29;20:10:45;750053329806;-1;MediaTransport;-1;Canvas;EPS Canvas;6c8495a2-6aff-43a6-a5d5-fe63869e7cd0;15200;1;7660;7545;0;0;0;330;0;0.000000;0;0;0;320;1;-15;Wide;1,;0,;1.000000;24.000000;654,521,472,218,220,;0;0;0;Unlocked;0;0;0;1
00000000002293907256;2020-12-29;20:10:45;750053330136;-1;MediaTransport;-1;Canvas;EPS Canvas;6c8495a2-6aff-43a6-a5d5-fe63869e7cd0;15200;1;7660;7545;0;0;0;330;0;0.000000;0;0;0;320;1;-15;Wide;1,;0,;1.000000;24.000000;654,521,472,218,220,;0;0;0;Unlocked;0;0;0;1
00000000002293939344;2020-12-29;20:16:25;750393868664;-1;MediaTransport;-1;Canvas;EPS Canvas;6c8495a2-6aff-43a6-a5d5-fe63869e7cd0;15200;0;-1;-1;0;0;0;330;0;0.000000;0;0;0;320;1;-15;Wide;1,;0,;1.000000;24.000000;654,521,472,218,220,;0;0;0;Unlocked;0;1;0;1
00000000002293997115;2020-12-29;20:26:53;751022278843;-1;Print;617;Canvas;EPS Canvas;6c8495a2-6aff-43a6-a5d5-fe63869e7cd0;15200;1;7582;7623;0;0;0;330;0;0.000000;0;0;0;320;1;0;Wide;1,;0,;1.000000;24.000000;654,521,472,218,220,;1;0;0;Unlocked;0;0;0;1
00000000002293997140;2020-12-29;20:26:53;751022279098;-1;Print;617;Canvas;EPS Canvas;6c8495a2-6aff-43a6-a5d5-fe63869e7cd0;15200;1;7582;7623;0;0;0;330;0;0.000000;0;0;0;320;1;0;Wide;1,;0,;1.000000;24.000000;654,521,472,218,220,;1;0;0;Unlocked;0;0;0;1
00000000002303693427;2020-12-29;22:32:56;758584509969;-1;MediaTransport;-1;Canvas;EPS Canvas;6c8495a2-6aff-43a6-a5d5-fe63869e7cd0;15200;1;7582;7623;0;0;0;330;0;0.000000;0;0;0;320;1;-20;Wide;1,;0,;1.000000;24.000000;654,521,472,218,220,;0;0;0;Unlocked;0;0;0;1
00000000002303693454;2020-12-29;22:32:56;758584510236;-1;MediaTransport;-1;Canvas;EPS Canvas;6c8495a2-6aff-43a6-a5d5-fe63869e7cd0;15200;1;7582;7623;0;0;0;330;0;0.000000;0;0;0;320;1;-20;Wide;1,;0,;1.000000;24.000000;654,521,472,218,220,;0;0;0;Unlocked;0;0;0;1
00000000002303715952;2020-12-29;22:36:23;758792012461;-1;Print;618;Canvas;EPS Canvas;6c8495a2-6aff-43a6-a5d5-fe63869e7cd0;15200;0;-1;-1;0;0;0;330;0;0.000000;0;0;0;320;1;-20;Wide;1,;0,;1.000000;24.000000;654,521,472,218,220,;1;0;0;Unlocked;0;1;0;1
00000000002313383582;2020-12-30;00:42:50;766378420609;-1;MediaTransport;-1;Canvas;EPS Canvas;6c8495a2-6aff-43a6-a5d5-fe63869e7cd0;15200;1;7588;7617;0;0;0;330;0;0.000000;0;0;0;320;1;-34;Wide;1,;0,;1.000000;24.000000;654,521,472,218,220,;0;0;0;Unlocked;0;0;0;1
00000000002313383609;2020-12-30;00:42:50;766378420896;-1;MediaTransport;-1;Canvas;EPS Canvas;6c8495a2-6aff-43a6-a5d5-fe63869e7cd0;15200;1;7588;7617;0;0;0;330;0;0.000000;0;0;0;320;1;-34;Wide;1,;0,;1.000000;24.000000;654,521,472,218,220,;0;0;0;Unlocked;0;0;0;1
00000000002313405317;2020-12-30;00:45:56;766564631118;-1;Print;619;Canvas;EPS Canvas;6c8495a2-6aff-43a6-a5d5-fe63869e7cd0;15200;0;-1;-1;0;0;0;330;0;0.000000;0;0;0;320;1;-34;Wide;1,;0,;1.000000;24.000000;654,521,472,218,220,;1;0;0;Unlocked;0;1;0;1
00000000002323012196;2020-12-30;02:53:05;774193338630;-1;MediaTransport;-1;Canvas;EPS Canvas;6c8495a2-6aff-43a6-a5d5-fe63869e7cd0;15200;1;7616;7589;0;0;0;330;0;0.000000;0;0;0;320;1;-3;Wide;1,;0,;1.000000;24.000000;654,521,472,218,220,;0;0;0;Unlocked;0;0;0;1
00000000002323012223;2020-12-30;02:53:05;774193338882;-1;MediaTransport;-1;Canvas;EPS Canvas;6c8495a2-6aff-43a6-a5d5-fe63869e7cd0;15200;1;7616;7589;0;0;0;330;0;0.000000;0;0;0;320;1;-3;Wide;1,;0,;1.000000;24.000000;654,521,472,218,220,;0;0;0;Unlocked;0;0;0;1
00000000002323038772;2020-12-30;02:57:04;774432276224;-1;MediaTransport;-1;Canvas;EPS Canvas;6c8495a2-6aff-43a6-a5d5-fe63869e7cd0;15200;0;-1;-1;0;0;0;330;0;0.000000;0;0;0;320;1;-3;Wide;1,;0,;1.000000;24.000000;654,521,472,218,220,;0;0;0;Unlocked;0;1;0;1
00000000002323060561;2020-12-30;03:00:19;774627121682;-1;MediaTransport;-1;Canvas;EPS Canvas;6c8495a2-6aff-43a6-a5d5-fe63869e7cd0;15200;1;7605;7596;0;0;0;330;0;0.000000;0;0;0;320;1;0;Wide;1,;0,;1.000000;24.000000;654,521,472,218,220,;0;0;0;Unlocked;0;0;0;1
00000000002323060588;2020-12-30;03:00:19;774627121932;-1;MediaTransport;-1;Canvas;EPS Canvas;6c8495a2-6aff-43a6-a5d5-fe63869e7cd0;15200;1;7605;7596;0;0;0;330;0;0.000000;0;0;0;320;1;0;Wide;1,;0,;1.000000;24.000000;654,521,472,218,220,;0;0;0;Unlocked;0;0;0;1
00000000002323067968;2020-12-30;03:01:41;774709311931;-1;Print;620;Canvas;EPS Canvas;6c8495a2-6aff-43a6-a5d5-fe63869e7cd0;15200;1;7605;7596;0;0;0;330;0;0.000000;0;0;0;320;1;0;Wide;1,;0,;1.000000;24.000000;654,521,472,218,220,;1;0;0;Unlocked;0;0;0;1
00000000002323067993;2020-12-30;03:01:41;774709312174;-1;Print;620;Canvas;EPS Canvas;6c8495a2-6aff-43a6-a5d5-fe63869e7cd0;15200;1;7605;7596;0;0;0;330;0;0.000000;0;0;0;320;1;0;Wide;1,;0,;1.000000;24.000000;654,521,472,218,220,;1;0;0;Unlocked;0;0;0;1
00000000002323412250;2020-12-30;03:07:55;775083603044;-1;MediaTransport;-1;Canvas;EPS Canvas;6c8495a2-6aff-43a6-a5d5-fe63869e7cd0;15200;1;7605;7596;0;0;0;330;0;0.000000;0;0;0;320;1;111;Wide;1,;0,;1.000000;24.000000;654,521,472,218,220,;0;0;0;Unlocked;0;0;0;1
00000000002323412277;2020-12-30;03:07:55;775083603345;-1;MediaTransport;-1;Canvas;EPS Canvas;6c8495a2-6aff-43a6-a5d5-fe63869e7cd0;15200;1;7605;7596;0;0;0;330;0;0.000000;0;0;0;320;1;111;Wide;1,;0,;1.000000;24.000000;654,521,472,218,220,;0;0;0;Unlocked;0;0;0;1
00000000002323433082;2020-12-30;03:11:01;775269670722;-1;Print;621;Canvas;EPS Canvas;6c8495a2-6aff-43a6-a5d5-fe63869e7cd0;15200;0;-1;-1;0;0;0;330;0;0.000000;0;0;0;320;1;111;Wide;1,;0,;1.000000;24.000000;654,521,472,218,220,;1;0;0;Unlocked;0;1;0;1
00000000002328392149;2020-12-30;04:17:58;779286334139;-1;MediaTransport;-1;Canvas;EPS Canvas;6c8495a2-6aff-43a6-a5d5-fe63869e7cd0;15200;1;7605;7599;0;0;0;330;0;0.000000;0;0;0;320;1;4;Wide;1,;0,;1.000000;24.000000;654,521,472,218,220,;0;0;0;Unlocked;0;0;0;1
00000000002328392180;2020-12-30;04:17:58;779286334396;-1;MediaTransport;-1;Canvas;EPS Canvas;6c8495a2-6aff-43a6-a5d5-fe63869e7cd0;15200;1;7605;7599;0;0;0;330;0;0.000000;0;0;0;320;1;4;Wide;1,;0,;1.000000;24.000000;654,521,472,218,220,;0;0;0;Unlocked;0;0;0;1
00000000002328415816;2020-12-30;04:21:36;779504635410;-1;MediaTransport;-1;Canvas;EPS Canvas;6c8495a2-6aff-43a6-a5d5-fe63869e7cd0;15200;0;-1;-1;0;0;0;330;0;0.000000;0;0;0;320;1;4;Wide;1,;0,;1.000000;24.000000;654,521,472,218,220,;0;0;0;Unlocked;0;1;0;1
00000000002328433321;2020-12-30;04:24:01;779649100221;-1;MediaTransport;-1;Canvas;EPS Canvas;6c8495a2-6aff-43a6-a5d5-fe63869e7cd0;15200;1;7578;7636;0;0;0;330;0;0.000000;0;0;0;320;1;0;Wide;1,;0,;1.000000;24.000000;654,521,472,218,220,;0;0;0;Unlocked;0;0;0;1
00000000002328433348;2020-12-30;04:24:01;779649100487;-1;MediaTransport;-1;Canvas;EPS Canvas;6c8495a2-6aff-43a6-a5d5-fe63869e7cd0;15200;1;7578;7636;0;0;0;330;0;0.000000;0;0;0;320;1;0;Wide;1,;0,;1.000000;24.000000;654,521,472,218,220,;0;0;0;Unlocked;0;0;0;1
00000000002328457760;2020-12-30;04:27:01;779829263682;-1;Print;622;Canvas;EPS Canvas;6c8495a2-6aff-43a6-a5d5-fe63869e7cd0;15200;0;-1;-1;0;0;0;330;0;0.000000;0;0;0;320;1;0;Wide;1,;0,;1.000000;24.000000;654,521,472,218,220,;1;0;0;Unlocked;0;1;0;1
